claim_id,sprint,work_package,claim_text,claim_type,source_status,local_source_paths,implementation_status,code_paths,test_paths,artifact_paths,can_support_first_principles_acceptance,can_support_validation_claims,blocked_by,allowed_public_language,forbidden_language
S1-A1,1,A-1,"Run-manifest provenance fails closed when source_packet_hashes is empty, and artifact-linter C7 re-derives provenance completeness from raw manifest fields instead of trusting the self-reported provenance_complete boolean.",control_gate,local_authority_packet_complete,docs/FIRST_PRINCIPLES_CODEX_AUDIT_WP_N1_N4_2026_05_18.md,implemented_engineering_candidate,src/dpf/first_principles/manifest.py | scripts/audit_first_principles_artifacts.py,tests/test_first_principles_manifest.py | tests/test_first_principles_artifact_linter.py,none,false,false,none,fail-closed manifest source-packet provenance control,accepted or validated certificate provenance
S1-A2,1,A-2,"Three audit smoke artifacts generated from a stale dirty worktree are quarantined under an archive path the linter exempts; no active result artifact predates HEAD.",control_gate,local_authority_packet_complete,docs/FIRST_PRINCIPLES_CODEX_AUDIT_WP_N1_N4_2026_05_18.md,implemented_engineering_candidate,results/archive_stale_pre_ssr_codex_a2_2026_05_18/,tests/test_first_principles_artifact_linter.py,results/archive_stale_pre_ssr_codex_a2_2026_05_18/audit_first_principles_3d_smoke.json | results/archive_stale_pre_ssr_codex_a2_2026_05_18/audit_experimental_whole_shot_smoke.json | results/archive_stale_pre_ssr_codex_a2_2026_05_18/audit_limiter_proof_auluck_power_port_1us_2026_05_18.json,false,false,none,quarantined non-authority engineering telemetry,active first-principles result evidence
S1-A3,1,A-3,"The source-truth-exhaustion and module-source-vetting gates produce deterministic output for a fixed date and repo state and expose a read-only --check mode that fails on drift without writing.",control_gate,local_authority_packet_complete,docs/FIRST_PRINCIPLES_CODEX_AUDIT_WP_N1_N4_2026_05_18.md,implemented_engineering_candidate,scripts/verify_first_principles_source_truth_exhaustion.py | scripts/verify_first_principles_module_source_vetting.py,tests/test_first_principles_verification_check_mode.py,none,false,false,none,read-only deterministic source-truth verification gate,accepted source-truth exhaustion proof
S1-A4,1,A-4,"CI runs a recursive results/**/*.json artifact scan so archive-exemption policy is exercised on every run.",control_gate,local_authority_packet_complete,docs/FIRST_PRINCIPLES_CODEX_AUDIT_WP_N1_N4_2026_05_18.md,implemented_engineering_candidate,.github/workflows/ci.yml,none (CI workflow; exercised by the recursive linter command in AUDIT_COMMANDS.md),none,false,false,none,archive-policy CI coverage,accepted archived-artifact evidence
S1-A5,1,A-5,The first-principles and fields ruff lint slice named by the audit reports All checks passed.,control_gate,local_authority_packet_complete,docs/FIRST_PRINCIPLES_CODEX_AUDIT_WP_N1_N4_2026_05_18.md,implemented_engineering_candidate,src/dpf/fields/__init__.py | src/dpf/fields/maxwell_3d.py | src/dpf/fields/particle_boundaries.py | src/dpf/first_principles/gv_waveforms.py | tests/test_first_principles_mhd.py,none (ruff static analysis; transcript in AUDIT_COMMANDS.md),none,false,false,none,lint-clean first-principles slice,accepted code-quality certification
S1-A6,1,A-6,"A segmented whole-shot run resumed from a mid-horizon checkpoint reconstructs cumulative ledgers covering the full executed horizon, not just post-resume steps.",runtime_engineering,local_authority_packet_complete,docs/FIRST_PRINCIPLES_CODEX_AUDIT_WP_N1_N4_2026_05_18.md,implemented_engineering_candidate,src/dpf/first_principles/segmented_whole_shot.py,tests/test_first_principles_segmented_whole_shot.py,none,false,false,WP-N4B 12 us compute-wall remains open,candidate cross-restart cumulative-ledger continuity,completed or accepted 12 us whole-shot run
S1-A7,1,A-7,"SRS requirements DPF-PHYS-020 and DPF-PHYS-023 are moved from blocked to partial with explicit remaining acceptance blockers, and the RTM exports are regenerated from the baseline.",control_gate,local_authority_packet_complete,docs/FIRST_PRINCIPLES_CODEX_AUDIT_WP_N1_N4_2026_05_18.md,implemented_engineering_candidate,docs/DPF_REQUIREMENTS_BASELINE.md | docs/SRS_TRACEABILITY_MATRIX.csv | docs/SRS_TRACEABILITY_MATRIX.json,tests/test_srs_traceability_export.py,none,false,false,WP-N1B and WP-N4B acceptance remain open,candidate/partial requirement status with named blockers,accepted or implemented requirement status
S2-N1B-EQ,2,WP-N1B,"Auluck eqs. (1)-(14) are legible from the on-disk primary PDF and are ingested verbatim into KnowledgeReference; the source-faithful power-port structure is Auluck's six-term eq. (6) (stored magnetic rate, motional magnetic Sigma_p, stored electric rate, motional electric Sigma_p, resistive Sigma_p, anomalous/poloidal Sigma_p); the electrode/interface-work term is a category error because Auluck excludes the electrode interface from the integration domain; this six-term contract is implemented as fail-closed runtime code, with terms I/III now independently computed from stored_magnetic_energy_delta_J and stored_electric_energy_delta_J while terms II/IV/V/VI remain blocked on reviewed Sigma_p geometry.",physics_equation,local_authority_packet_complete,KnowledgeReference/auluck-2021-dpf-circuit-element-EQUATIONS-VERIFIED.md,implemented_engineering_candidate,src/dpf/first_principles/power_port.py,tests/test_first_principles_power_port.py,none,false,false,"residual tolerance G2, time-centering G3, and WP-N3 reviewed Sigma_p geometry","source-verified six-term Auluck power-balance decomposition path with computed I/III split-telemetry terms and Sigma_p terms blocked",accepted or validated power-port authority
S2-N1B-RESID,2,WP-N1B,"No KnowledgeReference source defines an accepted residual tolerance for a DPF power-port energy balance, so power-port acceptance stays blocked; terms I/III are independently computed from split stored-EM runtime telemetry, but the six-term residual remains blocked until all four Sigma_p terms II/IV/V/VI are independently computed from reviewed geometry.",closure,blocked_no_source,none,implemented_engineering_candidate,src/dpf/first_principles/power_port.py,tests/test_first_principles_power_port.py,none,false,false,"no local KR residual-tolerance source; reviewed Sigma_p moving-boundary geometry still missing","engineering-debug residual telemetry remains fail-closed until all six terms are independently computed",accepted residual-closure criterion
S2-N4B-ORCH,2,WP-N4B,"A 12 us source-sign run is 120000000 steps at dt 1e-13 s; the per-step compute floor was measured at 5.23 ms at the compact grid; the production wall-clock is blocked on the WP-N3 grid size; the cross-restart ledger-merge and artifact-combiner are implemented as fail-closed runtime code, with Sprint 2.2 N-restart cumulative terminal-step semantics and three-restart coverage.",numerical_method,local_authority_packet_complete,none (engineering; segmented_whole_shot.py plus measured timing),implemented_engineering_candidate,src/dpf/first_principles/segmented_whole_shot_combine.py,tests/test_first_principles_segmented_whole_shot_combine.py,none,false,false,"production grid size WP-N3; 12 us compute-wall and long-run restart evidence remain blocked","candidate 12 us orchestration plan with measured per-step floor; cross-restart combiner implemented fail-closed for N-restart cumulative terminal-step manifests",completed or accepted 12 us source-sign whole-shot run
S3.2-GEOM,3,S3.2,"Source-tagged PF1000GeometryPacket with 5 source-supported fields, 4 conflict-flagged fields, and 10 blocked fields; all 10 material mask classes emitted with per-mask SHA-256 hashes; bore/insulator/backplate dimensions blocked by missing local KR source; under-resolution gate fires on coarse grids; can_support_first_principles_acceptance=false.",runtime_geometry_packet,local_authority_packet_complete,KnowledgeReference/krauz-2012-pf1000-geometry-EQUATIONS-VERIFIED.md | KnowledgeReference/akel-2016-pf1000-shot-12581-EQUATIONS-VERIFIED.md,implemented_engineering_candidate,src/dpf/fields/source_geometry.py,tests/test_source_geometry_packet.py | tests/test_first_principles_geometry.py,none,false,false,"bore/insulator/backplate dimensions blocked; reviewed dimensionality and same-scope 3D evidence absent","source-tagged geometry packet with explicit blockers; mask hashes deterministic; under-resolution gate enforced","accepted geometry packet; validated geometry dimensions; first-principles geometry acceptance"
S3.3-SIGMA,3,S3.3,"SigmaPSurfacePacket data contract implemented; terms II/IV/V/VI consume packet only and fail closed when missing; stationary faces contribute zero to motional terms; sign convention must be set before residual; missing Sigma_p geometry blocks all four surface-integral terms; can_support_first_principles_acceptance=false.",physics_surface_contract,local_authority_packet_complete,KnowledgeReference/auluck-2021-dpf-circuit-element-EQUATIONS-VERIFIED.md,implemented_engineering_candidate,src/dpf/fields/source_geometry.py | src/dpf/first_principles/power_port.py,tests/test_source_geometry_packet.py | tests/test_first_principles_power_port.py,none,false,false,"reviewed Sigma_p moving-boundary geometry absent; terms II/IV/V/VI cannot be computed without WP-N3 geometry","fail-closed SigmaPSurfacePacket contract; terms II/IV/V/VI blocked until reviewed geometry is attached","accepted Sigma_p surface packet; computed Auluck terms II/IV/V/VI; power-port residual"
S3.4-STARTUP,3,S3.4,"Typed StartupBVPPacket with 13 channels (breakdown_paschen, preionization, flashover, secondary_emission, photoemission, surface_plasma, initial_E_B_J, species_charge_state, ionization_recombination, electron_ion_temperature, sheath_surface_liftoff, handoff_interval, gas_fill); 0 channels source-supported; photoemission blocked for missing local source; startup authority blocked; can_support_first_principles_acceptance=false.",runtime_startup_packet,blocked_no_source,none (no local KR source for accepted startup channel evidence),implemented_engineering_candidate,src/dpf/first_principles/startup_bvp.py,tests/test_first_principles_startup_bvp.py,none,false,false,"all 13 channels lack accepted local-source evidence; sheath/preionization/flashover/secondary-emission require same-scope KR evidence; photoemission explicitly blocked","typed fail-closed startup channel packet with exact missing channels reported; startup authority blocked","accepted startup BVP packet; first-principles startup authority; seeded-mode startup for accepted runs"
S3.5-CLOSURE,3,S3.5,"Closure registry with 12 closures plus 2 sub-closures; 1 active_source_backed_candidate (partial-ionization conductivity); EOS/radiation/ablation/anomalous-resistance/restrike/electron-inertia/stopping all blocked or claim-rejected; PlasmaPy regime gate implemented as candidate-only; PhysicsClosurePacket embeds the full registry; can_support_first_principles_acceptance=false.",closure_registry,local_authority_packet_complete,KnowledgeReference/spitzer-1953-resistivity-EQUATIONS-VERIFIED.md | KnowledgeReference/auluck-2021-dpf-circuit-element-EQUATIONS-VERIFIED.md,implemented_engineering_candidate,src/dpf/first_principles/closures.py,tests/test_first_principles_closures.py,none,false,false,"EOS/radiation/ablation/anomalous/restrike/electron-inertia/stopping all blocked; sensitivity/UQ missing for all closures; physics-fidelity classification per-run expansion open","closure registry with no silent/uncategorized closures; PlasmaPy regime gate candidate-only; all blocked closures carry blocker IDs","accepted closure packet; validated closure equations; first-principles closure authority"
S3.6-NEUTRON,3,S3.6,"Mechanism-separated NeutronAuthorityPacket with 10 channels; thermonuclear and beam-target histories are time-series channels; scalar yield is comparator-only and cannot pass authority; beam-target blocked (no ion-distribution or stopping); spectrum/anisotropy/detector/UQ channels declared and blocked; cross-scope rejected; can_support_first_principles_acceptance=false.",neutron_authority_packet,blocked_no_source,none (no local KR source for accepted neutron mechanism separation),implemented_engineering_candidate,src/dpf/first_principles/neutron_authority.py,tests/test_first_principles_neutron_authority.py,none,false,false,"beam-target authority blocked; spectrum/anisotropy/detector/activation/UQ all blocked by missing local KR source; same-scope neutron evidence absent; scalar-yield runtime cannot separate mechanisms","mechanism-separated fail-closed neutron authority packet; scalar yield comparator-only gate enforced; all blocking channels carry blocker IDs","accepted neutron authority packet; mechanism-separated yield histories; Tier 5 validation evidence"
S3.7-NUMERICAL,3,S3.7,"Extended cumulative ledger channels (circuit/field/particle/energy/ionization/kinetic-yield/limiter/power-port); run-manifest SHA-256 and source-packet-hashes gates; 12 us blocker always present in manifest; horizon_complete never set for partial runs; small-horizon restart-equivalence gates pass; can_support_first_principles_acceptance=false.",numerical_acceptance_gate,local_authority_packet_complete,none (engineering; segmented_whole_shot.py and measured timing),implemented_engineering_candidate,src/dpf/first_principles/segmented_whole_shot.py,tests/test_first_principles_long_run_integrity.py,none,false,false,"12 us compute-wall blocked; production-grid wall-clock blocked on WP-N3; long-run cross-restart equivalence not demonstrated; numerical-fidelity tolerance packets (DPF-PHYS-015) not complete","extended cumulative ledger; run-manifest SHA-256 gate; 12 us blocker enforced in every manifest; horizon_complete gated","completed 12 us source-sign run; production-horizon deterministic restart evidence; numerical-fidelity accepted"
S3.8-CERT,3,S3.8,"Certificate scaffold reports exact missing packets and rejects validation claims; all channels missing — no accepted certificate; manifest rejects accepted run/validation status and acceptance flags; synthetic fixture proves negative-control path; can_support_first_principles_acceptance=false.",certificate_scaffold,blocked_no_source,none (no accepted upstream evidence; all channels missing),implemented_engineering_candidate,src/dpf/first_principles/certificate.py | src/dpf/validation/artifacts.py,tests/test_first_principles_certificate_negative_controls.py,none,false,false,"all required evidence categories absent; same-scope waveform/phase/spatial/neutron/field-coupling/UQ packets blocked; external review bundle not delivered","fail-closed certificate scaffold; exact missing packets reported; negative-control gate cannot be bypassed","accepted first-principles validation certificate; same-scope evidence attached; DPF-VV-017 satisfied"
