Title,Authors,Year,DOI,Journal,Category,Citations,Open Access,PDF Path,Abstract
Ammonia pyrolysis oxidation excited by nanosecond pulsed discharge: Global/fluid models hybrid solution,"Mingming Zhang, Hanyu Wu, Qi Chen et al.",2024,https://doi.org/10.1016/j.jechem.2024.08.047,Journal of Energy Chemistry,Breakdown,4,0,,
Lithium Batteries and the Solid Electrolyte Interphase (SEI)—Progress and Outlook,"Henry Adenusi, Gregory A. Chass, Stefano Passerini et al.",2023,https://doi.org/10.1002/aenm.202203307,Advanced Energy Materials,Breakdown,621,1,,
From Basics to Frontiers: A Comprehensive Review of Plasma-Modified and Plasma-Synthesized Polymer Films,Thierry Dufour,2023,https://doi.org/10.3390/polym15173607,Polymers,Breakdown,100,1,,
Surface flashover in 50 years: Theoretical models and competing mechanisms,"Zhen Li, Ji Liu, Yoshimichi Ohki et al.",2023,https://doi.org/10.1049/hve2.12340,High Voltage,Breakdown,88,1,,
Foundations of plasma enhanced chemical vapor deposition of functional coatings,"Rony Snyders, Dirk Hegemann, Damien Thiry et al.",2023,https://doi.org/10.1088/1361-6595/acdabc,Plasma Sources Science and Technology,Breakdown,63,1,,
Review of condition monitoring and defect inspection methods for composited cable terminals,"Shuaibing Li, Binglei Cao, Jin Li et al.",2023,https://doi.org/10.1049/hve2.12318,High Voltage,Breakdown,63,1,,
"Flash Joule heating for synthesis, upcycling and remediation","Bing Deng, Lucas Eddy, Kevin M. Wyss et al.",2025,https://doi.org/10.1038/s44359-024-00002-4,Nature Reviews Clean Technology,Circuit,70,1,,
Plasma Characterization in a Plugged Theta-Pinch,"Itay Gissis, D. Maler, Yoav Shoshani et al.",2025,https://doi.org/10.1109/ppps56198.2025.11248731,?,Circuit,1,0,,
Energy Storage Systems: Technologies and High-Power Applications,"Ahmed Aghmadi, Osama A. Mohammed",2024,https://doi.org/10.3390/batteries10040141,Batteries,Circuit,178,1,,
Implantable Passive Sensors for Biomedical Applications,"Panagiotis Kassanos, E. Hourdakis",2024,https://doi.org/10.3390/s25010133,Sensors,Circuit,16,1,,
"Design, Simulation, Analysis, Fabrication, and Testing of Toroidal Field Power Supply (TFPS) for Simple Tight Aspect Ratio Machine Assembly","Supriya A. Nair, Urmil Thaker, Tulchhi Ram",2024,https://doi.org/10.1109/tps.2024.3395618,IEEE Transactions on Plasma Science,Circuit,2,0,,
Incorporating Wireless Strategies to Wearable Devices Enabled by a Photocurable Hydrogel for Monitoring Pressure Information,"Yunjian Guo, Feifei Yin, Yang Li et al.",2023,https://doi.org/10.1002/adma.202300855,Advanced Materials,Circuit,144,1,,
A Review on Challenges in DC Microgrid Planning and Implementation,"K. Jithin, Puthan Purayil Haridev, N. Mayadevi et al.",2023,https://doi.org/10.35833/mpce.2022.000053,Journal of Modern Power Systems and Clean Energy,Circuit,111,1,,
Toward Physics-Informed Machine-Learning-Based Predictive Maintenance for Power Converters—A Review,"Youssof Fassi, Vincent Heiries, J. Boutet et al.",2023,https://doi.org/10.1109/tpel.2023.3328438,IEEE Transactions on Power Electronics,Circuit,89,1,,
A Review of System-in-Package Technologies: Application and Reliability of Advanced Packaging,"Haoyu Wang, Jianshe Ma, Yide Yang et al.",2023,https://doi.org/10.3390/mi14061149,Micromachines,Circuit,84,1,,
A Short Review of Through-Silicon via (TSV) Interconnects: Metrology and Analysis,"Jintao Wang, Fangcheng Duan, Ziwen Lv et al.",2023,https://doi.org/10.3390/app13148301,Applied Sciences,Circuit,50,1,,
Radiometric Partial Discharge Detection: A Review,"Sinda Kaziz, Mohamed Hadj Saïd, Antonino Imburgia et al.",2023,https://doi.org/10.3390/en16041978,Energies,Circuit,46,1,,
Self-sensing intelligent microrobots for noninvasive and wireless monitoring systems,"Zhongyi Li, Kun Wang, Chaojian Hou et al.",2023,https://doi.org/10.1038/s41378-023-00574-4,Microsystems & Nanoengineering,Circuit,39,1,,
EMI challenges in modern power electronic-based converters: recent advances and mitigation techniques,"Liang Yuan, Jian Zhang, Liang Zheng et al.",2023,https://doi.org/10.3389/felec.2023.1274258,Frontiers in Electronics,Circuit,30,1,,
Identification of Compact Equivalent Circuit Model for Metamaterial Structures,"C. H. Joseph, Davide Mencarelli, Luca Pierantoni et al.",2023,https://doi.org/10.1109/tap.2023.3276441,IEEE Transactions on Antennas and Propagation,Circuit,9,1,,
Runaway electron mitigation with pulsed localized vertical magnetic field perturbation in ADITYA tokamak,"R.L. Tanna, Sharvil Patel, Joydeep Ghosh et al.",2023,https://doi.org/10.1088/1741-4326/acdc3a,Nuclear Fusion,Circuit,4,1,,
Research on Artificial-Intelligence-Assisted Medicine: A Survey on Medical Artificial Intelligence,"Fangfang Gou, Jun Liu, Chunwen Xiao et al.",2024,https://doi.org/10.3390/diagnostics14141472,Diagnostics,Computing,83,1,,
Efficient training sets for surrogate models of tokamak turbulence with Active Deep Ensembles,"Lorenzo Zanisi, A. Ho, Justinn Barr et al.",2024,https://doi.org/10.1088/1741-4326/ad240d,Nuclear Fusion,Computing,13,1,,
Enhancing Precision in Cardiac Segmentation for Magnetic Resonance-Guided Radiation Therapy Through Deep Learning,"Nicholas Summerfield, Eric Morris, Soumyanil Banerjee et al.",2024,https://doi.org/10.1016/j.ijrobp.2024.05.013,International Journal of Radiation Oncology*Biology*Physics,Computing,12,1,,
A physics-constrained deep learning surrogate model of the runaway electron avalanche growth rate,"Jonathan S. Arnaud, Tyler Mark, Christopher J. McDevitt",2024,https://doi.org/10.1017/s0022377824000679,Journal of Plasma Physics,Computing,6,1,,
Review of multi-fidelity models,M. Giselle Fernández-Godino,2023,https://doi.org/10.3934/acse.2023015,Advances in Computational Science and Engineering,Computing,105,1,,
Machine learning in solar physics,"A. Asensio Ramos, Mark C. M. Cheung, Iulia Chifu et al.",2023,https://doi.org/10.1007/s41116-023-00038-x,Living Reviews in Solar Physics,Computing,60,1,,
FAULT-TOLERANT SELT-TIMED COUNTERS,"A. A. Zatsarinny, Yuriy Stepchenkov, Yuriy Diachenko et al.",2023,https://doi.org/10.29003/m3614.mmmsec-2023/167-170,?,Computing,41,1,,
Fast dynamic 1D simulation of divertor plasmas with neural PDE surrogates,"Yoeri Poels, Gijs Derks, E. Westerhof et al.",2023,https://doi.org/10.1088/1741-4326/acf70d,Nuclear Fusion,Computing,19,1,,
Ultra-fast single-crystal CVD diamonds in the particle time-of-flight (PTOF) detector for low yield burn-history measurements on the NIF (invited),"B. L. Reichelt, R. Kishimori, Y. Lawrence et al.",2025,https://doi.org/10.1063/5.0219374,Review of Scientific Instruments,Diagnostics,2,1,,
Achievement of Target Gain Larger than Unity in an Inertial Fusion Experiment,"H. Abu-Shawareb, Robert L. Acree, P. A. Adams et al.",2024,https://doi.org/10.1103/physrevlett.132.065102,Physical Review Letters,Diagnostics,338,1,,
Instabilities and Mixing in Inertial Confinement Fusion,"Ye Zhou, James Sadler, O. A. Hurricane",2024,https://doi.org/10.1146/annurev-fluid-022824-110008,Annual Review of Fluid Mechanics,Diagnostics,135,1,,
Unpacking the packaged optical fiber bio-sensors: understanding the obstacle for biomedical application,"Aidana Bissen, Nigara Yunussova, Zhuldyz Myrkhiyeva et al.",2024,https://doi.org/10.3389/fbioe.2024.1401613,Frontiers in Bioengineering and Biotechnology,Diagnostics,12,1,,
Thomson scattering diagnostics at the Globus-M2 tokamak,"N. S. Zhiltsov, Г. С. Курскиев, S.Yu. Tolstyakov et al.",2024,https://doi.org/10.1016/j.fusengdes.2024.114753,Fusion Engineering and Design,Diagnostics,12,0,,
"Elevated Electron Temperature Coincident with Observed Fusion Reactions in a Sheared-Flow-Stabilized <mml:math xmlns:mml=""http://www.w3.org/1998/Math/MathML"" display=""inline""><mml:mi>Z</mml:mi></mml:math> Pinch","B. Levitt, C. Goyon, Jacob Banasek et al.",2024,https://doi.org/10.1103/physrevlett.132.155101,Physical Review Letters,Diagnostics,9,1,,
Diagnosing up-scattered deuterium–tritium fusion neutrons produced in burning plasmas at the National Ignition Facility (invited),"J. Jeet, Brian Appelbe, Aidan Crilly et al.",2024,https://doi.org/10.1063/5.0219671,Review of Scientific Instruments,Diagnostics,6,1,,
An incoherent Thomson scattering system for measurements near plasma boundaries,"Jean Luis Suazo Betancourt, Julian Lopez-Uricoechea, Naia Butler-Craig et al.",2024,https://doi.org/10.1063/5.0184358,Review of Scientific Instruments,Diagnostics,5,1,,
Characterization of Nanohybridosomes from Lipids and Spruce Homogenate Containing Extracellular Vesicles,"Vesna Spasovski, Anna Romolo, Urška Zagorc et al.",2024,https://doi.org/10.2147/ijn.s432836,International Journal of Nanomedicine,Diagnostics,4,1,,
Spatially resolved laser Thomson scattering measurements in a negative glow and cathode presheath to investigate a 1D sheath model,"Julian Lopez-Uricoechea, Jean Luis Suazo Betancourt, Naia Butler-Craig et al.",2024,https://doi.org/10.1063/5.0182756,Physics of Plasmas,Diagnostics,4,1,,
ITER Core Plasma Thomson Scattering diagnostic design,"M. Amarika, G. Beaskoetxea, Gaizka Murga et al.",2024,https://doi.org/10.1016/j.fusengdes.2024.114416,Fusion Engineering and Design,Diagnostics,3,0,,
A chlorine based detector (LaCl<sub>3</sub>(Ce)) for 2.5 MeV neutron spectroscopy in deuterium nuclear fusion plasmas with enhanced particle discrimination algorithm,"D. Rigamonti, G. Guarino, F. Camera et al.",2024,https://doi.org/10.1088/1361-6501/ad8f4e,Measurement Science and Technology,Diagnostics,2,1,,
Physics principles of inertial confinement fusion and U.S. program overview,"O. A. Hurricane, P. K. Patel, R. Betti et al.",2023,https://doi.org/10.1103/revmodphys.95.025005,Reviews of Modern Physics,Diagnostics,169,1,,
Fiber Optic Sensors for Harsh and High Radiation Environments in Aerospace Applications,"Alberto Rovera, Alexandru Tancau, Nadia G. Boetti et al.",2023,https://doi.org/10.3390/s23052512,Sensors,Diagnostics,95,1,,
Observation of plasma inflows in laser-produced Sn plasma and their contribution to extreme-ultraviolet light output enhancement,"Kentaro Tomita, Yiming Pan, Atsushi Sunahara et al.",2023,https://doi.org/10.1038/s41598-023-28500-8,Scientific Reports,Diagnostics,15,1,,
Electron density and temperature in a diffuse nanosecond pulse discharge in air at atmospheric pressure,"Alexandra Brisset, T Guenin, Pierre Tardiveau et al.",2023,https://doi.org/10.1088/1361-6595/acdd96,Plasma Sources Science and Technology,Diagnostics,12,1,,
Reduced physics model of the tokamak Scrape-Off-Layer for pulse design,"X. Zhang, F. M. Poli, Eric Emdee et al.",2023,https://doi.org/10.1016/j.nme.2022.101354,Nuclear Materials and Energy,Diagnostics,10,1,,
Development of prototype real-time Thomson scattering diagnostic in KSTAR,"Jongha Lee, Seung Ju Lee, Ha Jin Kim et al.",2023,https://doi.org/10.1016/j.fusengdes.2023.113532,Fusion Engineering and Design,Diagnostics,5,1,,
Filamentary-like structures of plasma in a small 3-kJ dense plasma-focus discharge in pure deuterium,"P. Kubeš, Ł. Marciniak, Marek J. Sadowski et al.",2023,https://doi.org/10.1063/5.0148405,Physics of Plasmas,Diagnostics,4,1,,
Deuterium–deuterium fusion in nanowire plasma driven with a nanosecond high-energy laser,"Xiaofeng Xi, Chong Lv, Wenjun Ma et al.",2023,https://doi.org/10.3389/fphy.2023.1212293,Frontiers in Physics,Diagnostics,4,1,,
"Summary report of the 4th IAEA Technical Meeting on Fusion Data Processing, Validation and Analysis (FDPVA)","S.M. González de Vicente, D. Mazon, Ming Xu et al.",2023,https://doi.org/10.1088/1741-4326/acbfce,Nuclear Fusion,Diagnostics,3,1,,
Modeling of a spatially resolved ion temperature diagnostic for inertial confinement fusion,"C. R. Danly, N. Birge, V. Geppert-Kleinrath et al.",2023,https://doi.org/10.1063/5.0101892,Review of Scientific Instruments,Diagnostics,2,1,,
"Silver Nanoparticles: Synthesis, Structure, Properties and Applications","Rimsha Abbas, Jingjing Luo, Qi Xue et al.",2024,https://doi.org/10.3390/nano14171425,Nanomaterials,Electrodes,161,1,,
Titanium nitride (TiN) as a promising alternative to plasmonic metals: a comprehensive review of synthesis and applications,"Ujjwal Mukund Mahajan, Mahesh Dhonde, Kirti Sahu et al.",2024,https://doi.org/10.1039/d3ma00965c,Materials Advances,Electrodes,101,1,,
"A review on nanoparticles: characteristics, synthesis, applications, and challenges",Khadijah A. Altammar,2023,https://doi.org/10.3389/fmicb.2023.1155622,Frontiers in Microbiology,Electrodes,787,1,,
Biomedical Applications of Titanium Alloys: A Comprehensive Review,"Elia Marin, Alex Lanzutti",2023,https://doi.org/10.3390/ma17010114,Materials,Electrodes,317,1,,
"Microneedles: materials, fabrication, and biomedical applications","Xiaojin Luo, Li Yang, Yue Cui",2023,https://doi.org/10.1007/s10544-023-00658-y,Biomedical Microdevices,Electrodes,170,1,,
Advancements in Nanoparticle Deposition Techniques for Diverse Substrates: A Review,"Daniel Escorcia-Díaz, Sebastián García-Mora, Leidy Rendón-Castrillón et al.",2023,https://doi.org/10.3390/nano13182586,Nanomaterials,Electrodes,84,1,,
"Review of Ceramic Composites in Aeronautics and Aerospace: A Multifunctional Approach for TPS, TBC and DBD Applications","Kateryna O. Shvydyuk, J. Nunes‐Pereira, Frederico Rodrigues et al.",2023,https://doi.org/10.3390/ceramics6010012,Ceramics,Electrodes,63,1,,
"Affordable, manageable, practical, and scalable (AMPS) high-yield and high-gain inertial fusion","A. B. Alexander, L. R. Benedetti, Indrani Bhattacharyya et al.",2025,https://doi.org/10.1063/5.0273277,Physics of Plasmas,Instability,9,1,,
Assessing the performance of MagLIF with 3D MHD simulations,"Matthew Weis, D. E. Ruiz, M. R. Gómez et al.",2025,https://doi.org/10.1063/5.0244304,Physics of Plasmas,Instability,7,1,,
Saturation of Fishbone Instability by Self-Generated Zonal Flows in Tokamak Plasmas,"G. Brochard, Chang Liu, Xishuo Wei et al.",2024,https://doi.org/10.1103/physrevlett.132.075101,Physical Review Letters,Instability,42,1,,
Stable Deuterium-Tritium plasmas with improved confinement in the presence of energetic-ion instabilities,"J. García, Y. Kazakov, R. Coelho et al.",2024,https://doi.org/10.1038/s41467-024-52182-z,Nature Communications,Instability,32,1,,
Targeting integrin pathways: mechanisms and advances in therapy,"Xiaocong Pang, He Xu, Zhiwei Qiu et al.",2023,https://doi.org/10.1038/s41392-022-01259-6,Signal Transduction and Targeted Therapy,Instability,1085,1,,
Ferroelectricity in hafnia controlled via surface electrochemical state,"Kyle P. Kelley, Anna N. Morozovska, Eugene А. Eliseev et al.",2023,https://doi.org/10.1038/s41563-023-01619-9,Nature Materials,Instability,67,1,,
Supernova simulations confront SN 1987A neutrinos,"Damiano F. G. Fiorillo, Malte Heinlein, Hans‐Thomas Janka et al.",2023,https://doi.org/10.1103/physrevd.108.083040,Physical review. D/Physical review. D.,Instability,60,1,,
Three dimensional magnetorotational core-collapse supernova explosions of a 39 solar mass progenitor star,"J. Powell, Bernhard Müller, David R. Aguilera-Dena et al.",2023,https://doi.org/10.1093/mnras/stad1292,Monthly Notices of the Royal Astronomical Society,Instability,44,1,,
Disruption event characterization and forecasting in tokamaks,"S.A. Sabbagh, J.W. Berkery, Y.S. Park et al.",2023,https://doi.org/10.1063/5.0133825,Physics of Plasmas,Instability,40,1,,
Exploring the parameter space of MagLIF implosions using similarity scaling. II. Current scaling,"D. E. Ruiz, Paul Schmit, David Yager-Elorriaga et al.",2023,https://doi.org/10.1063/5.0126699,Physics of Plasmas,Instability,33,1,,
EUTERPE: A global gyrokinetic code for stellarator geometry,"R. Kleiber, M. Borchardt, R. Hatzky et al.",2023,https://doi.org/10.1016/j.cpc.2023.109013,Computer Physics Communications,Instability,21,1,,
The Zap Energy approach to commercial fusion,"B. Levitt, Eric Meier, R. Umstattd et al.",2023,https://doi.org/10.1063/5.0163361,Physics of Plasmas,Instability,18,1,,
Hall interchange instability as a seed for helical magneto-Rayleigh–Taylor instabilities in magnetized liner inertial fusion Z-Pinches scaled from Z-Machine parameters to a next generation pulsed power facility,"J. M. Woolstrum, D. E. Ruiz, Nathaniel Hamlin et al.",2023,https://doi.org/10.1063/5.0156806,Physics of Plasmas,Instability,11,1,,
Plasma flows during the ablation stage of an over-massed pulsed-power-driven exploding planar wire array,"R. Datta, J. Angel, J. B. Greenly et al.",2023,https://doi.org/10.1063/5.0160893,Physics of Plasmas,Instability,6,1,,
Performance-portable Binary Neutron Star Mergers with AthenaK,"Jacob Fields, Hengrui Zhu, David Radice et al.",2025,https://doi.org/10.3847/1538-4365/ad9687,The Astrophysical Journal Supplement Series,MHD Numerics,10,1,,
GR-Athena++: General-relativistic Magnetohydrodynamics Simulations of Neutron Star Spacetimes,"William R. Cook, Boris Daszuta, Jacob Fields et al.",2025,https://doi.org/10.3847/1538-4365/ad87d4,The Astrophysical Journal Supplement Series,MHD Numerics,9,1,,
Numerical investigation of Richtmyer–Meshkov instability in shock-driven light square bubble via magnetohydrodynamics,"Sheng-Bo Zhang, Satyvir Singh, Manuel Torrilhon et al.",2025,https://doi.org/10.1016/j.compfluid.2025.106698,Computers & Fluids,MHD Numerics,4,1,,
"DISPATCH methods: An approximate, entropy-based Riemann solver for ideal magnetohydrodynamics",Popovas Andrius,2025,https://doi.org/10.1051/0004-6361/202554028,Astronomy and Astrophysics,MHD Numerics,1,1,,
A Provably Positive-Preserving HLLD Riemann Solver for Ideal Magnetohydrodynamics. Part I: The One-Dimensional Case,"X Zhang, Xun Wang, Zhijun Shen null et al.",2025,https://doi.org/10.4208/cicp.oa-2024-0068,Communications in Computational Physics,MHD Numerics,0,0,,
A Well-Balanced Semi-implicit IMEX Finite Volume Scheme for Ideal Magnetohydrodynamics at All Mach Numbers,"Claudius Birke, Walter Boscheri, Christian Klingenberg",2024,https://doi.org/10.1007/s10915-023-02422-z,Journal of Scientific Computing,MHD Numerics,8,1,,
Cholla-MHD: An Exascale-capable Magnetohydrodynamic Extension to theCholla Astrophysical Simulation Code,"Robert V. Caddy, Evan E. Schneider",2024,https://doi.org/10.3847/1538-4357/ad464a,The Astrophysical Journal,MHD Numerics,6,1,,
A high-fidelity finite volume scheme for ideal magnetohydrodynamics equations using boundary variation diminishing algorithm,"Chenxi Pan, Sheng Song, Chungang Chen et al.",2024,https://doi.org/10.1063/5.0237231,Physics of Fluids,MHD Numerics,2,0,,
A High-Fidelity Finite Volume Scheme for Ideal Magnetohydrodynamics Equations Using Boundary Variation Diminishing Algorithm,"Chenxi Pan, Sheng Song, Chungang Chen et al.",2024,https://doi.org/10.2139/ssrn.4820052,SSRN Electronic Journal,MHD Numerics,1,1,,
Cholla-MHD: An Exascale-Capable Magnetohydrodynamic Extension to the Cholla Astrophysical Simulation Code,"Robert V. Caddy, Evan E. Schneider",2024,https://doi.org/10.48550/arxiv.2402.05240,arXiv (Cornell University),MHD Numerics,1,1,,
MPI-AMRVAC 3.0: Updates to an open-source simulation framework,"Rony Keppens, B. Popescu Braileanu, Y. Zhou et al.",2023,https://doi.org/10.1051/0004-6361/202245359,Astronomy and Astrophysics,MHD Numerics,97,1,,
IDEFIX: A versatile performance-portable Godunov code for astrophysical flows,"Geoffroy Lesur, S. Baghdadi, Gaylor Wafflard-Fernandez et al.",2023,https://doi.org/10.1051/0004-6361/202346005,Astronomy and Astrophysics,MHD Numerics,26,1,,
Pressure anisotropy and viscous heating in weakly collisional plasma turbulence,"Jonathan Squire, Matthew W. Kunz, Lev Arzamasskiy et al.",2023,https://doi.org/10.1017/s0022377823000727,Journal of Plasma Physics,MHD Numerics,24,1,,
A 4th-order accurate finite volume method for ideal classical and special relativistic MHD based on pointwise reconstructions,"Vittoria Berta, A. Mignone, Matteo Bugli et al.",2023,https://doi.org/10.1016/j.jcp.2023.112701,Journal of Computational Physics,MHD Numerics,20,1,,
Curl Constraint-Preserving Reconstruction and the Guidance it Gives for Mimetic Scheme Design,"Dinshaw S. Balsara, Roger Käppeli, Walter Boscheri et al.",2023,https://doi.org/10.1007/s42967-021-00160-3,Institutional Research Information System University of Ferrara (University of Ferrara),MHD Numerics,16,1,,
High order asymptotic preserving finite difference WENO schemes with constrained transport for MHD equations in all sonic Mach numbers,"Wei Chen, Kailiang Wu, Tao Xiong",2023,https://doi.org/10.1016/j.jcp.2023.112240,Journal of Computational Physics,MHD Numerics,12,0,,
HOW-MHD: A High-order WENO-based Magnetohydrodynamic Code with a High-order Constrained Transport Algorithm for Astrophysical Applications,"Jeongbhin Seo, Dongsu Ryu",2023,https://doi.org/10.3847/1538-4357/acdf4b,The Astrophysical Journal,MHD Numerics,10,1,,
Suppression mechanism of Richtmyer–Meshkov instability by transverse magnetic field with different strengths,"Sheng-Bo Zhang, Huanhao Zhang, Zhihua Chen et al.",2023,https://doi.org/10.1063/5.0130813,Physics of Plasmas,MHD Numerics,6,0,,
GR-Athena++: General-relativistic magnetohydrodynamics simulations of neutron star spacetimes,"William M. Cook, Boris Daszuta, Jacob Fields et al.",2023,https://doi.org/10.48550/arxiv.2311.04989,arXiv (Cornell University),MHD Numerics,5,1,,
"A decoupled, unconditionally energy-stable and conservative finite element algorithm for a constrained transport model of the incompressible MHD equations","Xianzhu Li, Haiyan Su, Xiaodi Zhang",2023,https://doi.org/10.1016/j.aml.2023.108905,Applied Mathematics Letters,MHD Numerics,3,0,,
High Order Asymptotic Preserving Finite Difference Weno Schemes with Constrained Transport for Mhd Equations in All Sonic Mach Numbers,"Wei Chen, Kailiang Wu, Tao Xiong",2023,https://doi.org/10.2139/ssrn.4353563,SSRN Electronic Journal,MHD Numerics,2,1,,
Self-consistent equilibrium and transport simulations for NSTX-U plasmas enhanced via machine learning surrogate models,"Brian Leard, Tariq Rafiq, I. M. Ward et al.",2025,https://doi.org/10.1016/j.fusengdes.2025.115201,Fusion Engineering and Design,ML/AI,2,1,,
Avoiding fusion plasma tearing instability with deep reinforcement learning,"Jaemin Seo, S.K. Kim, Azarakhsh Jalalvand et al.",2024,https://doi.org/10.1038/s41586-024-07024-9,Nature,ML/AI,114,1,,
Synthetic Lagrangian turbulence by generative diffusion models,"Tao Li, Luca Biferale, Fabio Bonaccorso et al.",2024,https://doi.org/10.1038/s42256-024-00810-0,Nature Machine Intelligence,ML/AI,44,1,,
Recent Advances on Machine Learning for Computational Fluid Dynamics: A Survey,"Haixin Wang, Yadi Cao, Zijie Huang et al.",2024,https://doi.org/10.48550/arxiv.2408.12171,arXiv (Cornell University),ML/AI,29,1,,
Data-driven models in fusion exhaust: AI methods and perspectives,"S. Wiesen, Stefan Dasbach, A. Kit et al.",2024,https://doi.org/10.1088/1741-4326/ad5a1d,Nuclear Fusion,ML/AI,17,1,,
Gaussian process regression models for the properties of micro-tearing modes in spherical tokamaks,"W. A. Hornsby, Ander Gray, John L. Buchanan et al.",2024,https://doi.org/10.1063/5.0174478,Physics of Plasmas,ML/AI,14,1,,
Grad–Shafranov equilibria via data-free physics informed neural networks,"Byoungchan Jang, Alan A. Kaptanoglu, Rahul Gaur et al.",2024,https://doi.org/10.1063/5.0188634,Physics of Plasmas,ML/AI,7,1,,
Synthesizing Particle-In-Cell Simulations through Learning and GPU Computing for Hybrid Particle Accelerator Beamlines,"Ryan Sandberg, Remi Lehé, Chad Mitchell et al.",2024,https://doi.org/10.1145/3659914.3659937,?,ML/AI,5,1,,
Influence of magnetic field on MHD mixed convection in lid-driven cavity with heated wavy bottom surface,"Mst. Umme Mahmuda Maya, Md. Nur Alam, Ahmed Refaie Ali",2023,https://doi.org/10.1038/s41598-023-45707-x,Scientific Reports,ML/AI,52,1,,
Learning sparse nonlinear dynamics via mixed-integer optimization,"Dimitris Bertsimas, Wes Gurnee",2023,https://doi.org/10.1007/s11071-022-08178-9,Nonlinear Dynamics,ML/AI,46,1,,
Towards fast surrogate models for interpolation of tokamak edge plasmas,"Stefan Dasbach, S. Wiesen",2023,https://doi.org/10.1016/j.nme.2023.101396,Nuclear Materials and Energy,ML/AI,27,1,,
On the potential of physics-informed neural networks to solve inverse problems in tokamaks,"Riccardo Rossi, M. Gelfusa, A. Murari et al.",2023,https://doi.org/10.1088/1741-4326/ad067c,Nuclear Fusion,ML/AI,26,1,,
Modelling solar coronal magnetic fields with physics-informed neural networks,"Hubert Baty, Vincent Vigon",2023,https://doi.org/10.1093/mnras/stad3320,Monthly Notices of the Royal Astronomical Society,ML/AI,12,1,,
Physics-separating artificial neural networks for predicting initial stages of Al sputtering and thin film deposition in Ar plasma discharges,"Tobias Gergs, Thomas Mussenbrock, Jan Trieschmann",2023,https://doi.org/10.1088/1361-6463/acb6a4,Journal of Physics D Applied Physics,ML/AI,11,1,,
"The scoping, design, and plasma physics optimization of the Eos neutron source stellarator","Charles Swanson, D. Gates, S. T. A. Kumar et al.",2025,https://doi.org/10.1088/1741-4326/ada56a,Nuclear Fusion,Nuclear,7,1,,
"Status of DONES neutronics, source terms analyses and radiation protections","Yuefeng Qiu, T. Berry, Klemen Ambrožič et al.",2025,https://doi.org/10.1088/1741-4326/addeda,Nuclear Fusion,Nuclear,3,1,,
Overview of T and D–T results in JET with ITER-like wall,"Domenico Abate, N. Abid, P. Abreu et al.",2024,https://doi.org/10.1088/1741-4326/ad3e16,Nuclear Fusion,Nuclear,83,1,,
On the upper bound of non-thermal fusion reactivity with fixed total energy,"Huasheng Xie, Xueyun Wang",2024,https://doi.org/10.1088/1361-6587/ad3f4b,Plasma Physics and Controlled Fusion,Nuclear,9,1,,
"From KMS Fusion to HB11 Energy and Xcimer Energy, a personal 50 year IFE perspective",T. A. Mehlhorn,2024,https://doi.org/10.1063/5.0170661,Physics of Plasmas,Nuclear,8,1,,
Proton–boron fusion in a hydrogen-doped-boron target,"Z. Li, Zhao Wang, Guanchao Zhao et al.",2024,https://doi.org/10.1017/lpb.2024.2,Laser and Particle Beams,Nuclear,6,1,,
Study of the production of radioisotopes at IFMIF-DONES: 177Lu with deuterons,"E. López-Melero, F. García-Infantes, F. Arias de Saavedra et al.",2024,https://doi.org/10.1016/j.radphyschem.2024.111687,Radiation Physics and Chemistry,Nuclear,5,1,,
"Fusion enhancement in the collisions with <mml:math xmlns:mml=""http://www.w3.org/1998/Math/MathML""><mml:mmultiscripts><mml:mi>Ca</mml:mi><mml:mprescripts/><mml:none/><mml:mn>44</mml:mn></mml:mmultiscripts></mml:math> beams and the production of neutron-deficient <mml:math xmlns:mml=""http://www.w3.org/1998/Math/MathML""><mml:mmultiscripts><mml:mi>Lr</mml:mi><mml:mprescripts/><mml:none/><mml:mrow><mml:mn>245</mml:mn><mml:mo>–</mml:mo><mml:mn>250</mml:mn></mml:mrow></mml:mmultiscripts></mml:math> isotopes","Li‐Lin Zhou, Jun-Jun Cai, Lu-Qi Li et al.",2024,https://doi.org/10.1103/physrevc.109.024606,Physical review. C,Nuclear,5,0,,
Towards p-11B medium configurations with high Pfus/PBrems ratios,"C. Daponta, S. Moustaizis, S. Eliezer et al.",2024,https://doi.org/10.3389/fphy.2024.1425963,Frontiers in Physics,Nuclear,1,1,,
Recent improvements of the particle and heavy ion transport code system – PHITS version 3.33,"Tatsuhiko Sato, Yosuke Iwamoto, Shintaro Hashimoto et al.",2023,https://doi.org/10.1080/00223131.2023.2275736,Journal of Nuclear Science and Technology,Nuclear,312,1,,
JET D-T scenario with optimized non-thermal fusion,"M. Maslov, E. Lerche, F. Auriemma et al.",2023,https://doi.org/10.1088/1741-4326/ace2d8,Nuclear Fusion,Nuclear,76,1,,
First measurements of p11B fusion in a magnetically confined plasma,"Richard Magee, K. Ogawa, T. Tajima et al.",2023,https://doi.org/10.1038/s41467-023-36655-1,Nature Communications,Nuclear,65,1,,
HB11—Understanding Hydrogen-Boron Fusion as a New Clean Energy Source,"Warren McKenzie, D. Batani, T. A. Mehlhorn et al.",2023,https://doi.org/10.1007/s10894-023-00349-9,Journal of Fusion Energy,Nuclear,32,1,,
"Revisiting p-<sup>11</sup>B fusion cross section and reactivity, and their analytic approximations","A. Tentori, F. Belloni",2023,https://doi.org/10.1088/1741-4326/acda4b,Nuclear Fusion,Nuclear,24,1,,
Fundamental ICRF heating of deuterium ions in JET-DTE2,"E. Lerche, M. Maslov, P. Jacquet et al.",2023,https://doi.org/10.1063/5.0162554,AIP conference proceedings,Nuclear,17,1,,
"Differentiating multi-MeV, multi-ion spectra with CR-39 solid-state nuclear track detectors","Marius Schollmeier, John Jasper Bekx, Jens Hartmann et al.",2023,https://doi.org/10.1038/s41598-023-45208-x,Scientific Reports,Nuclear,11,1,,
Photon and Neutron Production as In Situ Diagnostics of Proton-Boron Fusion,"B. M. Hegelich, Lance Labun, Ou Z. Labun et al.",2023,https://doi.org/10.1155/2023/6924841,Laser and Particle Beams,Nuclear,10,1,,
Semiconductor Detector Study for Detecting Fusion Neutrons using Geant4 Simulations,"K. Kaperoni, Μ. Diakaki, M. Kokkoris et al.",2023,https://doi.org/10.12681/hnpsanp.5184,HNPS Advances in Nuclear Physics,Nuclear,4,1,,
Charged particle induced reactions on beryllium as a fast neutron source for irradiation experiments,"Milan Štefánik, E. Šiméčková, Ján Kozic et al.",2023,https://doi.org/10.1051/epjconf/202328406010,EPJ Web of Conferences,Nuclear,2,1,,
On the Upper Bound of Non-Thermal Fusion Reactivity with Fixed Total Energy,"Huasheng Xie, Xueyun Wang",2023,https://doi.org/10.48550/arxiv.2310.11997,arXiv (Cornell University),Nuclear,1,1,,
Radiative hydrodynamic equations with nonequilibrium radiative transfer,"M. Quan, Xiaojian Yang, Yufeng Wei et al.",2025,https://doi.org/10.1103/physrevd.111.103038,Physical review. D/Physical review. D.,Radiation,3,0,,
Reduced Model of Ionization Lag in Intense Laser-Produced Plasmas,"Min Sang Cho, A. L. Milder, W. Rozmus et al.",2025,https://doi.org/10.1103/physrevlett.134.185101,Physical Review Letters,Radiation,3,1,,
The Optical to X-Ray Luminosity and Spectrum of Supernova Wind Breakouts,"T. Wasserman, Nir Sapir, Péter Szabó et al.",2025,https://doi.org/10.3847/1538-4357/adfecc,The Astrophysical Journal,Radiation,2,1,,
"Supernova Muons: New Constraints on &lt;em&gt;Z'&lt;/em&gt; Bosons, Axions and ALPs",Djuna Croon,2024,https://doi.org/10.1007/jhep01%282021%29107,OSTI OAI (U.S. Department of Energy Office of Scientific and Technical Information),Radiation,112,1,,
Astrophysical Axion Bounds: The 2024 Edition,"Georg G. Raffelt, Andrea Caputo",2024,https://doi.org/10.22323/1.454.0041,?,Radiation,91,1,,
General-relativistic Radiation Transport Scheme in Gmunu. II. Implementation of Novel Microphysical Library for Neutrino Radiation—Weakhub,"Harry Ho-Yin Ng, Patrick Chi-Kit Cheong, Alan Tsz-Lok Lam et al.",2024,https://doi.org/10.3847/1538-4365/ad2fbd,The Astrophysical Journal Supplement Series,Radiation,8,1,,
Machine-Learning-Assisted Analysis of Visible Spectroscopy in Pulsed-Power-Driven Plasmas,"R. Datta, Faez Ahmed, Jack Hare",2024,https://doi.org/10.1109/tps.2024.3364975,IEEE Transactions on Plasma Science,Radiation,6,1,,
Lyman line opacities in tokamak divertor plasmas under high-recycling and detached conditions,"R. Chandra, D. Reiter, N. Horsten et al.",2024,https://doi.org/10.1016/j.nme.2024.101794,Nuclear Materials and Energy,Radiation,3,1,,
Theoretical Study of the D-T Fuel Burning Rate in Z-Pinch Facilities with Magneto-Inertial Confinement,"Olzhas Bayakhmetov, Assylkhan Azamatov",2024,https://doi.org/10.3390/en17133069,Energies,Radiation,1,1,,
Endoplasmic reticulum stress: molecular mechanism and therapeutic targets,"Xingyi Chen, Chaoran Shi, Meihui He et al.",2023,https://doi.org/10.1038/s41392-023-01570-w,Signal Transduction and Targeted Therapy,Radiation,784,1,,
Fe/Cu diatomic catalysts for electrochemical nitrate reduction to ammonia,"Shuo Zhang, Jianghua Wu, Mengting Zheng et al.",2023,https://doi.org/10.1038/s41467-023-39366-9,Nature Communications,Radiation,588,1,,
"Modules for Experiments in Stellar Astrophysics (MESA): Time-dependent Convection, Energy Conservation, Automatic Differentiation, and Infrastructure","Adam S. Jermyn, Evan B. Bauer, Josiah Schwab et al.",2023,https://doi.org/10.3847/1538-4365/acae8d,The Astrophysical Journal Supplement Series,Radiation,479,1,,
The 2023 terahertz science and technology roadmap,"Alfred Leitenstorfer, A. S. Moskalenko, Tobias Kampfrath et al.",2023,https://doi.org/10.1088/1361-6463/acbe4c,Journal of Physics D Applied Physics,Radiation,432,1,,
Developing Ni single-atom sites in carbon nitride for efficient photocatalytic H2O2 production,"Xu Zhang, Hui Su, Peixin Cui et al.",2023,https://doi.org/10.1038/s41467-023-42887-y,Nature Communications,Radiation,391,1,,
Impact of impurities on water electrolysis: a review,"Hans Becker, James Murawski, Dipak V. Shinde et al.",2023,https://doi.org/10.1039/d2se01517j,Sustainable Energy & Fuels,Radiation,264,1,,
Simulation of the radiation exposure of microorganisms living in submarine hydrothermal systems using GATE and Geant4-DNA Monte Carlo simulation tools,"Giovanna Rosa Fois, Dariana Llanes Vega, Alexis Pereda et al.",2023,https://doi.org/10.21175/rad.abstr.book.2023.39.11,Book of Abstracts,Radiation,253,1,,
Synergistic effects of mixing and strain in high entropy spinel oxides for oxygen evolution reaction,"Jihyun Baek, Md Delowar Hossain, Pinaki Mukherjee et al.",2023,https://doi.org/10.1038/s41467-023-41359-7,Nature Communications,Radiation,229,1,,
Large-area synthesis and transfer of multilayer hexagonal boron nitride for enhanced graphene device arrays,"Satoru Fukamachi, Pablo Solís‐Fernández, Kenji Kawahara et al.",2023,https://doi.org/10.1038/s41928-022-00911-x,Nature Electronics,Radiation,181,1,,
A D-3He fusion reactor for the mitigation of global warming,E. Mazzucato,2023,https://doi.org/10.1016/j.fpp.2023.100022,Fundamental Plasma Physics,Radiation,7,1,,
Photoionization and Opacity,Anil K. Pradhan,2023,https://doi.org/10.3390/atoms11030052,Atoms,Radiation,6,1,,
A method for calculating the radiation characteristics of nonequilibrium laboratory plasmas,"V. I. Oreshkin, E. V. Oreshkin, D. L. Shmelev",2023,https://doi.org/10.1063/5.0160649,Physics of Plasmas,Radiation,5,0,,
Thermal quench induced by a composite pellet-produced plasmoid,"P. Aleynikov, Alistair M. Arnold, B. N. Breǐzman et al.",2023,https://doi.org/10.1088/1741-4326/ad0acc,Nuclear Fusion,Radiation,4,1,,
X-Ray/Radio Quasiperiodic Pulsations Associated with Plasmoids in Solar Flare Current Sheets,"Pankaj Kumar, J. T. Karpen, Joel Dahlin",2025,https://doi.org/10.3847/1538-4357/ada293,The Astrophysical Journal,Reconnection,10,1,,
Merging plasmoids and nanojet-like ejections in a coronal current sheet,"Samrat Sen, F. Moreno‐Insertis",2025,https://doi.org/10.1051/0004-6361/202453595,Astronomy and Astrophysics,Reconnection,7,1,,
A study of resistive peeling–ballooning modes across spherical tokamaks,"A. Kleiner, K. Imada, F. Ebrahimi et al.",2025,https://doi.org/10.1088/1361-6587/adf91a,Plasma Physics and Controlled Fusion,Reconnection,5,1,,
Plasma burn—mind the gap,"H. Meyer, on behalf of the STEP Plasma Team",2024,https://doi.org/10.1098/rsta.2023.0406,Philosophical Transactions of the Royal Society A Mathematical Physical and Engineering Sciences,Reconnection,34,1,,
Plasmoid identification and statistics in two-dimensional Harris sheet and GRMHD simulations,"Jesse Vos, Héctor Olivares, Benoît Cerutti et al.",2024,https://doi.org/10.1093/mnras/stae1046,Monthly Notices of the Royal Astronomical Society,Reconnection,12,1,,
2.5D Magnetohydrodynamic Simulation of the Formation and Evolution of Plasmoids in Coronal Current Sheets,"Sripan Mondal, A. K. Srivastava, D. I. Pontin et al.",2024,https://doi.org/10.3847/1538-4357/ad2079,The Astrophysical Journal,Reconnection,7,1,,
Neural network based fast prediction of double tearing modes in advanced tokamak plasmas,"Xu Jian, Qi-Bin Luan, Hui Li et al.",2024,https://doi.org/10.1063/5.0229910,Physics of Plasmas,Reconnection,1,1,,
"The JET hybrid scenario in Deuterium, Tritium and Deuterium-Tritium","J. Hobirk, C. Challis, A. Kappatou et al.",2023,https://doi.org/10.1088/1741-4326/acde8d,Nuclear Fusion,Reconnection,58,1,,
Magnetotail plasma eruptions driven by magnetic reconnection and kinetic instabilities,"Minna Palmroth, T. I. Pulkkinen, Urs Ganse et al.",2023,https://doi.org/10.1038/s41561-023-01206-2,Nature Geoscience,Reconnection,29,1,,
Plasmoid Instability in the Multiphase Interstellar Medium,"Drummond B. Fielding, Bart Ripperda, Alexander Philippov",2023,https://doi.org/10.3847/2041-8213/accf1f,The Astrophysical Journal Letters,Reconnection,27,1,,
Three-dimensional Simulation of Thermodynamics on Confined Turbulence in a Large-scale CME-flare Current Sheet,"Jing Ye, J. C. Raymond, Zhixing Mei et al.",2023,https://doi.org/10.3847/1538-4357/acf129,The Astrophysical Journal,Reconnection,14,1,,
3D coupled tearing-thermal evolution in solar current sheets,"Samrat Sen, J. M. Jenkins, Rony Keppens",2023,https://doi.org/10.1051/0004-6361/202347038,Astronomy and Astrophysics,Reconnection,10,1,,
Real time detection of multiple stable MHD eigenmode growth rates towards kink/tearing modes avoidance in DIII-D tokamak plasmas,"Tong Liu, S. Munaretto, N.C. Logan et al.",2023,https://doi.org/10.1088/1741-4326/ad0bce,Nuclear Fusion,Reconnection,4,1,,
Resistive instabilities in toroidal anisotropic plasmas,"Tonghui Shi, Biao Shen, Baonian Wan",2023,https://doi.org/10.1063/5.0169885,AIP Advances,Reconnection,1,1,,
Undepleted direct laser acceleration,"Itamar Cohen, Talia Meir, Kavin Tangtartharakul et al.",2024,https://doi.org/10.1126/sciadv.adk1947,Science Advances,Scaling,23,1,,
"Neutron-producing gas puff Z-pinch experiments on a fast, low-impedance, 0.5 MA linear transformer driver","F. Conti, A. Williams, H. U. Rahman et al.",2024,https://doi.org/10.1063/5.0218390,Journal of Applied Physics,Scaling,4,1,,
Optimized laser production of thermonuclear neutrons from plasma of submicron-sized clusters,"D. A. Gozhev, S. G. Bochkarev, M. G. Lobok et al.",2024,https://doi.org/10.1063/5.0206751,Physics of Plasmas,Scaling,4,1,,
Magneto-Inertial Fusion and Powerful Plasma Installations (A Review),Sergei V. Ryzhkov,2023,https://doi.org/10.3390/app13116658,Applied Sciences,Scaling,54,1,,
Proton imaging of high-energy-density laboratory plasmas,"D. B. Schaeffer, A. F. A. Bott, M. Borghesi et al.",2023,https://doi.org/10.1103/revmodphys.95.045007,Reviews of Modern Physics,Scaling,45,1,,
Exploring the parameter space of MagLIF implosions using similarity scaling. I. Theoretical framework,"D. E. Ruiz, Paul Schmit, David Yager-Elorriaga et al.",2023,https://doi.org/10.1063/5.0126696,Physics of Plasmas,Scaling,29,1,,
Ultra-high efficiency bremsstrahlung production in the interaction of direct laser-accelerated electrons with high-Z material,"P. Tavana, N. D. Bukharskii, M. Gyrdymov et al.",2023,https://doi.org/10.3389/fphy.2023.1178967,Frontiers in Physics,Scaling,18,1,,
Neutron yield scaling law in laser-cluster fusion experiments,"Junho Won, Jaehyun Song, Seongmin Lee et al.",2023,https://doi.org/10.1088/1741-4326/accdea,Nuclear Fusion,Scaling,6,1,,
Reducing computational complexity of implicit schemes in modeling kinetic inelastic collisions in partially ionized plasma,D. Lederman et al.,2024,,Journal of Computational Physics,adjacent,0,1,reference/papers/dpf-direct/lederman-2024-implicit-schemes-plasma.pdf,
reconnection rayleigh taylor turbulence,See PDF,2023,,Various,adjacent,0,1,reference/papers/plasma-general/reconnection-rayleigh-taylor-turbulence.pdf,
bogaerts 2009 plasma modeling overview,See PDF,2023,,Various,adjacent,0,1,reference/papers/plasma-general/bogaerts-2009-plasma-modeling-overview.pdf,
collisional collisionless plasma shocks,See PDF,2023,,Various,adjacent,0,1,reference/papers/plasma-general/collisional-collisionless-plasma-shocks.pdf,
path integral md quantum electrons,See PDF,2023,,Various,adjacent,0,1,reference/papers/plasma-general/path-integral-md-quantum-electrons.pdf,
particle feedback acceleration reconnection,See PDF,2023,,Various,adjacent,0,1,reference/papers/plasma-general/particle-feedback-acceleration-reconnection.pdf,
time parallel particle trajectories,See PDF,2023,,Various,adjacent,0,1,reference/papers/plasma-general/time-parallel-particle-trajectories.pdf,
pic lithium redeposition plasma,See PDF,2023,,Various,adjacent,0,1,reference/papers/plasma-general/pic-lithium-redeposition-plasma.pdf,
parametric turbulent energy hall mhd,See PDF,2023,,Various,adjacent,0,1,reference/papers/plasma-general/parametric-turbulent-energy-hall-mhd.pdf,
reignition vacuum arc magnetic field,See PDF,2023,,Various,adjacent,0,1,reference/papers/plasma-general/reignition-vacuum-arc-magnetic-field.pdf,
external bfield rayleigh taylor,See PDF,2023,,Various,adjacent,0,1,reference/papers/plasma-general/external-bfield-rayleigh-taylor.pdf,
reliability analysis pulsed power,See PDF,2023,,Various,adjacent,0,1,reference/papers/plasma-general/reliability-analysis-pulsed-power.pdf,
impurities zonal flows tokamak,See PDF,2023,,Various,adjacent,0,1,reference/papers/plasma-general/impurities-zonal-flows-tokamak.pdf,
langmuir probes wide density range,See PDF,2023,,Various,adjacent,0,1,reference/papers/plasma-general/langmuir-probes-wide-density-range.pdf,
ml accelerated kinetic plasma sims,See PDF,2023,,Various,adjacent,0,1,reference/papers/plasma-general/ml-accelerated-kinetic-plasma-sims.pdf,
Study on the Influence of Key Parameters of Dense Plasma Focus on Neutron Yield,"HUANG-Tian, WANG-Siyuan, DUAN-Shuchao",2026,https://doi.org/10.7498/aps.75.20251704,Acta Physica Sinica,core-dpf,0,1,,
Deuterium–argon admixture for plasma focus neutron generation,"Muhammad Luqman Haqqim Omar, Seong Ling Yap, Han Yi Tan et al.",2026,https://doi.org/10.1140/epjp/s13360-026-07342-z,The European Physical Journal Plus,core-dpf,0,1,,
Numerical Optimization of Neon Soft X-ray Emission in a Spherical Plasma Focus Device with Lee Code,"M I Nayeem, M A Malek",2026,https://doi.org/10.21203/rs.3.rs-8592689/v1,?,core-dpf,0,1,,
Three-Dimensional MHD Simulation of Z-Pinch Sausage and Kink Modes: A Proof of Concept,Mihai Alexandru Bucurenciu,2026,https://doi.org/10.5281/zenodo.18529049,Zenodo (CERN European Organization for Nuclear Research),core-dpf,0,1,,
Three-Dimensional MHD Simulation of Z-Pinch Sausage and Kink Modes: A Proof of Concept,Mihai Alexandru Bucurenciu,2026,https://doi.org/10.5281/zenodo.18529048,Zenodo (CERN European Organization for Nuclear Research),core-dpf,0,1,,
Deuterium hybrid X-pinch driven by small dense plasma focus,J. Novotny et al.,2026,,Physics of Plasmas,core-dpf,0,1,reference/papers/dpf-direct/novotny-2026-hybrid-xpinch-dpf.pdf,
On modeling nonlinear phenomena under the influence of an electromagnetic field in a dense plasma,V. Pavlov et al.,2026,,Physics of Plasmas,core-dpf,0,1,reference/papers/dpf-direct/pavlov-2026-nonlinear-dense-plasma.pdf,
Neutron generation dynamics inside a MA-class dense plasma focus Z-pinch,"C. Goyon, A. Link, Owen B. Drury et al.",2025,https://doi.org/10.1063/5.0253547,Physics of Plasmas,core-dpf,2,1,,
Investigating graphite surface and structural modifications induced by hydrogen ion bombardment in a plasma focus device,"Mir mohammadreza Seyedhabashi, Maryam Ebrahimi, Ehsanollah Noori et al.",2025,https://doi.org/10.1016/j.rinma.2025.100698,Results in Materials,core-dpf,2,1,,
Double 3 MJ dense plasma focus for thermonuclear drive inertial confinement fusion,"S. M. Sadat Kiai, S. Adlparvar, H. Sadeghi et al.",2025,https://doi.org/10.1038/s41598-025-96736-7,Scientific Reports,core-dpf,1,1,docs/research-reference/core-dpf/2025_Double_3 MJ_dense_plasma_focus_for_thermonuclear_drive_inertial_confinement_fusi.pdf,
Enhanced Growth Rate of ITO Thin Films via Pulsed Electron Beam-Assisted Deposition Using a 3.0 kJ Dense Plasma Focus (UMDPF02) Device,"Haruna P. Wante, S. L. Yap, K. Y. Tsung et al.",2025,https://doi.org/10.1088/1402-4896/adeb07,Physica Scripta,core-dpf,1,1,,
Differences in shots with high and low neutron yield production in mega-ampere plasma focus discharges,"P. Kubeš, M. Paduch, B. Cikhardtová et al.",2025,https://doi.org/10.1063/5.0246587,Physics of Plasmas,core-dpf,1,1,,
Neutron generation dynamics inside a MA-class dense plasma focus Z-pinch,"C. Goyon, A. Link, O. Drury et al.",2025,10.1063/5.0253547,Physics of Plasmas,core-dpf,1,1,,"Dense plasma focii (DPFs) are appealing as energy efficient sources of short pulses of ions, neutrons, and x rays. The output of these sources is expected to scale with input current (I4), but has bee"
Neutron Yield Enhancement Through Gas Admixture and Cathode Radius Variation in a Plasma Focus Device,"S. L. Yap, L. MUHAMMAD, Haiyun Tan et al.",2025,https://doi.org/10.1109/tps.2025.3565331,IEEE Transactions on Plasma Science,core-dpf,0,0,,
Neutron Yield Optimization From a Palm Top Plasma Focus Device Using Lee Code,"Mohammad Nayeem, Surajit Biswas, Md. Khairul Islam et al.",2025,https://doi.org/10.1109/tps.2025.3525982,IEEE Transactions on Plasma Science,core-dpf,0,0,,
Numerical Study for Prediction of Neon Soft X-Ray Yield Emitted from the Plasma Focus Devices Using the Lee Model Code for Different Anode Shapes,"R. Albahri, Y. Abou‐Ali, M. Akel",2025,https://doi.org/10.1134/s1063780x2460169x,Plasma Physics Reports,core-dpf,0,0,,
AUTOMATED NUMERICAL EXPERIMENTS TO OPTIMIZE TAPERED ANODE CONFIGURATION FOR SOFT X-RAY YIELD IN A LOW-ENERGY PLASMA FOCUS,"A. A. Lashin, Kamal M. Ahmed, Sayed A. Ward et al.",2025,https://doi.org/10.55766/sujst8332,Suranaree Journal of Science and Technology,core-dpf,0,0,,
Nitrogen ion irradiation of carbon thin films using a dense plasma focus: enhanced doping and structural modifications,"Haruna P. Wante, S. L. Yap, K. Y. Tsung et al.",2025,https://doi.org/10.1140/epjp/s13360-025-06761-8,The European Physical Journal Plus,core-dpf,0,1,docs/research-reference/core-dpf/2025_Nitrogen_ion_irradiation_of_carbon_thin_films_using_a_dense_plasma_focus_enhanc.pdf,
Numerical studies of plasma emission in a mega joule plasma focus using Lee code,"M. A. Malek, M. Nazmul Huda, Md. Khairul Islam et al.",2025,https://doi.org/10.14311/ppt.2025.1.1,Plasma Physics and Technology,core-dpf,0,1,docs/research-reference/core-dpf/2025_Numerical_studies_of_plasma_emission_in_a_mega_joule_plasma_focus_using_Lee_code.pdf,
Faeton-I: Investigation of plasma dynamics and radiation output of a 100 kV plasma focus device,"Vahid Damideh, J. C. Btaiche, A. Ho et al.",2025,https://doi.org/10.21203/rs.3.rs-6466595/v1,?,core-dpf,0,1,,
Experimental results and analysis of plasma dynamics and radiation output of the 100 kV dense plasma focus FAETON-I,"Vahid Damideh, J. C. Btaiche, A. Ho et al.",2025,https://doi.org/10.1038/s41598-025-07939-x,Scientific Reports,core-dpf,0,1,docs/research-reference/core-dpf/2025_Experimental_results_and_analysis_of_plasma_dynamics_and_radiation_output_of_the.pdf,
Investigation on the dynamics of Z-pinch in discharge-produced plasma sources via two-dimensional MHD simulations,"Yanxia Xu, M. Ying, Xuanyu Yuanhua et al.",2025,https://doi.org/10.1063/5.0250789,AIP Advances,core-dpf,0,1,,
Overview of Flow Z-Pinch Theory and Modeling at Zap Energy,"Eric Meier, J. Coughlin, D. W. Crews et al.",2025,https://doi.org/10.1109/ppps56198.2025.11248263,?,core-dpf,0,0,,
"Beam Target Neutron Production Using Laser Ablated Deuterated Polyethylene on a 1 MA, 100 ns z-Pinch Device","Eric Dutra, A. M. Covington, Brian Appelbe et al.",2025,https://doi.org/10.1109/ppps56198.2025.11248664,?,core-dpf,0,0,,
Acoustic Seeding in Liquid-Phase Targets for Pre-Conditioned Plasma Columns: From Liquid-Phase Structuring to Z-Pinch and Magnetic Reconnection,Ali Saleh Ahmed,2025,https://doi.org/10.6084/m9.figshare.30929417.v3,Figshare,core-dpf,0,1,,
Acoustic Seeding in Liquid-Phase Targets for Pre-Conditioned Plasma Columns: From Liquid-Phase Structuring to Z-Pinch and Magnetic Reconnection,Ali Saleh Ahmed,2025,https://doi.org/10.6084/m9.figshare.30929417.v2,Figshare,core-dpf,0,1,,
Acoustic Seeding in Liquid-Phase Targets for Pre-Conditioned Plasma Columns: From Liquid-Phase Structuring to Z-Pinch and Magnetic Reconnection,Ali Saleh Ahmed,2025,https://doi.org/10.6084/m9.figshare.30929417.v1,Figshare,core-dpf,0,1,,
Acoustic Seeding in Liquid-Phase Targets for Pre-Conditioned Plasma Columns: From Liquid-Phase Structuring to Z-Pinch and Magnetic Reconnection,Ali Saleh Ahmed,2025,https://doi.org/10.6084/m9.figshare.30929417,Figshare,core-dpf,0,1,,
Atmospheric Influence on the Structural and Mechanical Properties of TiN Coating Deposited on NiTi Shape Memory Alloy via Mather-Type Dense Plasma Focus,"Mahdiyeh Soltanalipour, Jafar Khalil‐Allafi",2025,https://doi.org/10.47176/jame.44.3.1098,Mavādd-i pīshraftah dar muhandisī,core-dpf,0,1,,
Parametric profiles of plasma current sheath in argon plasma focus during axial phase,"Kamal M. Ahmed, Sayed A. Ward, T. M. Allam et al.",2025,https://doi.org/10.1007/s42452-025-06697-9,Discover Applied Sciences,core-dpf,0,1,,
Hybrid X-Pinch as Localized Source of Fusion Protons,"J. Novotný, D. Klír, J. Cikhardt et al.",2025,https://doi.org/10.1109/ppps56198.2025.11248172,?,core-dpf,0,0,,
Theoretical and numerical studies on motion process of dense plasma focus,"Qiang Sun, Ye Dong, Yang Wei et al.",2025,https://doi.org/10.7498/aps.74.20250040,Acta Physica Sinica,core-dpf,0,1,docs/research-reference/core-dpf/2025_Theoretical_and_numerical_studies_on_motion_process_of_dense_plasma_focus.pdf,
Experimental results and analysis of plasma dynamics and radiation output of the 100 kV dense plasma focus FAETON-I,"Vahid Damideh, J. C. Btaiche, Alex Ho et al.",2025,10.1038/s41598-025-07939-x,Scientific Reports,core-dpf,0,0,docs/research-reference/core-dpf/2025_Experimental_results_and_analysis_of_plasma_dynamics_and_radiation_output_of_the.pdf,"FAETON-I is the highest direct-charged voltage plasma focus (PF), at 100 kV, 1 MA peak current. F-I produces consistent \documentclass[12pt]{minimal} \usepackage{amsmath} \usepackage{wasysym} \usepack"
Neutron generation dynamics inside a MA-class dense plasma focus Z-pinch,"C. Goyon, A. Link, O. Drury et al.",2025,,Physics of Plasmas,core-dpf,0,1,reference/papers/dpf-direct/goyon-2025-ma-class-dpf-neutron.pdf,
Experimental results and analysis of plasma dynamics and radiation output of the 100 kV dense plasma focus FAETON-I,V. Damideh et al.,2025,,Scientific Reports,core-dpf,0,1,reference/papers/dpf-direct/damideh-2025-faeton-i-experimental.pdf,
Double 3 MJ dense plasma focus for thermonuclear drive inertial confinement fusion,S.M.S. Kiai et al.,2025,,Physics of Plasmas,core-dpf,0,1,reference/papers/dpf-direct/kiai-2025-double-3mj-dpf-icf.pdf,
Measurement of electric flux emission: a new diagnostic for the dense plasma focus,A. Blagoev et al.,2025,,Plasma Physics and Controlled Fusion,core-dpf,0,1,reference/papers/dpf-direct/blagoev-2025-electric-flux-dpf-diagnostic.pdf,
DPF Simulation Challenge Paper (Full APA),Various,2025,,Conference Paper,core-dpf,0,1,docs/DPF_Simulation_Challenge_Full_APA.docx,
MegaJOuLe Neutron Imaging Radiography (MJOLNIR) Dense Plasma Focus Rebuild and High Current Experiments,"Andréa Schmidt, E. Anaya, Michael G. Anderson et al.",2024,https://doi.org/10.1109/tps.2024.3382229,IEEE Transactions on Plasma Science,core-dpf,4,0,,
Characterization of the Plasma Generated by a Compact Theta Pinch,"Sagi Turiel, A. N. Gribov, D. Maler et al.",2024,https://doi.org/10.3390/plasma7040053,Plasma,core-dpf,3,1,,
Evolution of filament-like compact structures in small 3 kJ dense plasma focus discharges,"P. Kubeš, Ł. Marciniak, Marek J. Sadowski et al.",2024,https://doi.org/10.1063/5.0187304,Physics of Plasmas,core-dpf,2,1,,
The Investigation of Pre-ionization Effect on the Improvement of Pinch Quality and Increased Hard X-ray Radiation in a Dense Plasma Focus (DPF) Device,"Abdolhadi Hosseinzadeh, Naser Vosoughi, T. D. Mahabadi et al.",2024,https://doi.org/10.1007/s10894-024-00415-w,Journal of Fusion Energy,core-dpf,2,0,,
Poloidal magnetic field in the dense plasma focus,S. K. H. Auluck,2024,https://doi.org/10.1063/5.0189593,Physics of Plasmas,core-dpf,1,1,,
Preparations for pB11 tests in the FF-2B dense plasma focus,"Eric J. Lerner, S. M. Hassan",2024,https://doi.org/10.3389/fphy.2024.1438880,Frontiers in Physics,core-dpf,1,1,,
Spot size measurement of a deuterium–tritium dense plasma focus using neutron radiography,"L. Tafoya, V. Geppert-Kleinrath, J. Allison et al.",2024,https://doi.org/10.1063/5.0187567,Review of Scientific Instruments,core-dpf,1,1,,
First experiments looking at the symmetry of the plasma formation phase of the dense plasma focus using d-dot probes,"A. Blagoev, Vasil G. Yordanov, S. K. H. Auluck",2024,https://doi.org/10.1088/1742-6596/2710/1/012033,Journal of Physics Conference Series,core-dpf,1,1,,
Comparison of density profiles measured via laser interferometry with MHD simulations during shock wave reflection on mega-ampere dense plasma focus,"J. Malir, D. Klír, J. Cikhardt et al.",2024,https://doi.org/10.1063/5.0193268,Physics of Plasmas,core-dpf,1,1,,
z-Pinch Stabilization by a Frozen-In Axial Magnetic Flux,Pasquale Lucibello,2024,10.1109/TPS.2024.3359665,IEEE Transactions on Plasma Science,core-dpf,1,0,,"We consider a neutral plasma, within a tubular dielectric container, under the action of a screw pinch whose magnetic field has the axial component completely embedded in the plasma and the azimuthal "
Symmetry and structure in the “Generalized Plasma Focus problem”,S. Auluck,2024,10.1063/5.0225122,Physics of Plasmas,core-dpf,1,0,,The “Generalized Plasma Focus problem” refers to a generic class of plasma propagation phenomena that share many features of a dense plasma focus device. Its recent theoretical development has been sh
Deuteron beam fluence emitted from dense plasma focus: Comparative investigation and simulation,"A. Altarabulsi, Y. Abou‐Ali, S. Alsheikh Salo et al.",2024,https://doi.org/10.22201/icat.24486736e.2024.22.4.2413,Journal of Applied Research and Technology,core-dpf,0,1,docs/research-reference/core-dpf/2024_Deuteron_beam_fluence_emitted_from_dense_plasma_focus_Comparative_investigation.pdf,
Study of the plasma pinch and ion beam properties versus the nitrogen gas pressure using the Lee model code,"Alaa Nassif, Walid Sahyouni, Ola Zeidan",2024,https://doi.org/10.21203/rs.3.rs-4002830/v1,Research Square (Research Square),core-dpf,0,1,docs/research-reference/core-dpf/2024_Study_of_the_plasma_pinch_and_ion_beam_properties_versus_the_nitrogen_gas_pressu.pdf,
MHD simulations of turbulent development of the Z-pinch sausage instability.,"S. F. Garanin, V. Yu. Dolinskii",2024,https://doi.org/10.34854/icpaf.2023.50.2023.1.1.101,?,core-dpf,0,0,,
Axial confinement of wire array Z-pinch precursor plasmas by a pulsed magnetic mirror field,"Chiatai Chen, E. S. Lavine, William Potter et al.",2024,https://doi.org/10.1063/5.0207561,Physics of Plasmas,core-dpf,0,1,,
"A hybrid-kinetic simulation tool for non-thermal warm x-ray z-pinch sources, with gas-puff and wire array exemplars",Nichelle Bennett,2024,https://doi.org/10.2172/2480192,?,core-dpf,0,1,docs/research-reference/core-dpf/2024_A_hybrid-kinetic_simulation_tool_for_non-thermal_warm_x-ray_z-pinch_sources_wit.pdf,
Exploration of microscopic physical processes of Z-pinch by a modified electrostatic direct implicit particle-in-cell algorithm,"Kaixuan Li, Cheng Ning, Dong Ye et al.",2024,https://doi.org/10.1088/1674-1056/ad553a,Chinese Physics B,core-dpf,0,1,,
A pulsed neutron source with a sealed dense plasma focus chamber,"Chuan Liang, Ming-Jia Li, Jia Yun-he et al.",2024,https://doi.org/10.1088/1748-0221/19/10/p10035,Journal of Instrumentation,core-dpf,0,0,,
Correlation of pinch voltage with ion angular emission characteristics at varying D2 gas filling pressures in a low energy plasma focus device,"Ram Niranjan, Rohit Srivastava, J Joycee et al.",2024,https://doi.org/10.1016/j.vacuum.2024.113748,Vacuum,core-dpf,0,0,,
Chromium Coated on Zirconium for Corrosion Resistance of Nuclear Fuel Rods by Plasma Focus Device,"A. Raeisdana, Dariush Sohrabi, A. Asle-Zaeem",2024,https://doi.org/10.2139/ssrn.5016727,SSRN Electronic Journal,core-dpf,0,1,,
Numerical simulation of the formation process of dense plasma focus,Q. Sun,2024,10.1109/icops58192.2024.10626474,2024 IEEE International Conference on Plasma Science (ICOPS),core-dpf,0,0,,"The Dense Plasma Focusing (DPF) device is a compact, strong pulse, multi-radiation source, which is driven by electromagnetic force to form a high-temperature plasma. It has important applications in "
Poloidal magnetic field in the dense plasma focus,S.K.H. Auluck,2024,,Physics of Plasmas,core-dpf,0,1,reference/papers/dpf-direct/auluck-2024-poloidal-bfield-dpf.pdf,
Focus Fusion: Overview of Progress Towards p-B11 Fusion with the Dense Plasma Focus,"Eric J. Lerner, S. M. Hassan, Ivana Karamitsos-Zivkovic et al.",2023,https://doi.org/10.1007/s10894-023-00345-z,Journal of Fusion Energy,core-dpf,15,1,,
Generalized plasma focus problem and its application to space propulsion,S. K. H. Auluck,2023,https://doi.org/10.1063/5.0141622,Physics of Plasmas,core-dpf,6,0,docs/research-reference/core-dpf/2023_Generalized_plasma_focus_problem_and_its_application_to_space_propulsion.pdf,
Electrode durability and sheared-flow-stabilized Z-pinch fusion energy,"M. C. Thompson, Sarah Simpson, C. J. Beers et al.",2023,https://doi.org/10.1063/5.0163381,Physics of Plasmas,core-dpf,6,1,,
Generalized plasma focus problem and its application to space propulsion,S. Auluck,2023,10.1063/5.0141622,Physics of Plasmas,core-dpf,6,1,docs/research-reference/core-dpf/2023_Generalized_plasma_focus_problem_and_its_application_to_space_propulsion.pdf,"Space propulsion is unique among many proposed applications of the dense plasma focus in being critically dependent on the availability of a scaling theory that is well-grounded in physics, in conform"
Observation of filaments in mega-ampere dense plasma focus within pure deuterium by means of simultaneous schlieren and interferometry diagnostics,"P. Kubeš, M. Paduch, S. K. H. Auluck et al.",2023,https://doi.org/10.1063/5.0124093,Physics of Plasmas,core-dpf,5,0,,
Experimental investigation and simulation of penetration depth of nitrogen ions emitted by plasma focus device inside titanium samples,"Mir mohammadreza Seyedhabashi, Morteza Ebrahimi, Dariush Rostamifard et al.",2023,https://doi.org/10.1016/j.rinp.2023.106897,Results in Physics,core-dpf,5,1,,
On the failure of neutron yield scaling in the dense plasma focus,S. K. H. Auluck,2023,https://doi.org/10.1063/5.0157626,Physics of Plasmas,core-dpf,4,0,docs/research-reference/core-dpf/2023_On_the_failure_of_neutron_yield_scaling_in_the_dense_plasma_focus.pdf,
Effect of anode shape on neutron and x-ray emission in dense plasma focus,"J. Novotný, J. Cikhardt, B. Cikhardtová et al.",2023,https://doi.org/10.1063/5.0153177,Physics of Plasmas,core-dpf,4,1,,
Observation of plasma dynamics in a theta pinch by a novel method,"Zhao Wang, Rui Cheng, Guodong Wang et al.",2023,https://doi.org/10.1063/5.0144921,Matter and Radiation at Extremes,core-dpf,4,1,,
On the failure of neutron yield scaling in the dense plasma focus,S. Auluck,2023,10.1063/5.0157626,Physics of Plasmas,core-dpf,4,1,docs/research-reference/core-dpf/2023_On_the_failure_of_neutron_yield_scaling_in_the_dense_plasma_focus.pdf,The observed scaling of neutron yield in the dense plasma focus (DPF) as the fourth power of the current in the plasma was the principal driver of the growth of DPF research in its early days. Subsequ
Numerical experiments on the total D–D fusion neutron yield versus deuterium pressure for different energy plasma focus devices using the Lee model code,"S Wahbe, Y. Abou‐Ali, M. Akel et al.",2023,https://doi.org/10.1088/1361-6587/acc610,Plasma Physics and Controlled Fusion,core-dpf,3,0,,
Development of a portable pulsed fast ⩾10<sup>6</sup> neutron generator based on a flexible miniature plasma focus tube,"Ram Niranjan, Rohit Srivastava, J Joycee et al.",2023,https://doi.org/10.1088/1361-6587/accfbd,Plasma Physics and Controlled Fusion,core-dpf,3,1,,
Total neutron emission from deuteron fusion and plasma pinch compression in a medium-sized plasma focus operating with D2 and D2 + Ne gas mixtures—Experimental results,"Ł. Marciniak, A. Kulińska, M. Scholz et al.",2023,https://doi.org/10.1063/5.0161686,Physics of Fluids,core-dpf,3,1,,
Smoothed particle hydrodynamics method for pinch plasma simulation with non-ideal MHD model,"Su-San Park, Deok-Kyu Kim, Jin-Hyun Kim et al.",2023,https://doi.org/10.1063/5.0138221,Physics of Plasmas,core-dpf,3,0,,
Investigation of Optical Properties and Chemical Structure of Nd2O3 Nanoparticles Deposited on NaX Zeolite Powder Using Plasma Focus Device,"Mir Mohammad Reza Seyedhabashi, Hesham Hosseinpour, Ehsanollah Noori",2023,https://doi.org/10.1007/s10904-023-02825-3,Journal of Inorganic and Organometallic Polymers and Materials,core-dpf,3,0,docs/research-reference/core-dpf/2023_Investigation_of_Optical_Properties_and_Chemical_Structure_of_Nd2O3_Nanoparticle.pdf,
Sn/Pb ratio variation in spherical structures deposited on silicon surface using plasma focus,"M. S. AHMAD, M. Akel, Sh. Al‐Hawat",2023,https://doi.org/10.1016/j.heliyon.2023.e17098,Heliyon,core-dpf,3,1,,
Numerical experiments on the total D–D fusion neutron yield versus deuterium pressure for different energy plasma focus devices using the Lee model code,"Samer Wahbe, Y. Abou-Ali, M. Akel et al.",2023,10.1088/1361-6587/acc610,Plasma Physics and Controlled Fusion,core-dpf,3,0,,"Numerical experiments using the Lee model code were carried out to compute the total D–D fusion neutron yield versus initial deuterium pressure for nine different plasma focus devices [PF50, AACS, PF4"
First exploratory survey of poloidal magnetic flux emission from a dense plasma focus,"Mahima Upadhyay, Mahesh Choudhary, Mayank Mishra et al.",2023,https://doi.org/10.1063/5.0155807,Physics of Plasmas,core-dpf,2,0,,
Correction to: Focus Fusion: Overview of Progress Towards p-B11 Fusion with the Dense Plasma Focus,"Eric J. Lerner, S. M. Hassan, Ivana Karamitsos-Zivkovic et al.",2023,https://doi.org/10.1007/s10894-023-00348-w,Journal of Fusion Energy,core-dpf,2,1,,
Effects of Electrode Geometric Parameters on Argon Soft X-Ray Radiation From Plasma Focus Machine: An Investigation by the Modified Lee Model,Hadi Barati,2023,https://doi.org/10.1109/tps.2023.3341091,IEEE Transactions on Plasma Science,core-dpf,2,0,,
Design and Characterization of One-Capacitor Compact Plasma Focus Device With Tapered Anode,"Kamal M. Ahmed, F. Diab, W. H. Gaber et al.",2023,https://doi.org/10.1109/tps.2023.3332833,IEEE Transactions on Plasma Science,core-dpf,2,0,,
Dense plasma focus: different cathode geometries and their influence on the hard x-ray production,"M. Barbaglia, R Giovachini, M. Milanese",2023,https://doi.org/10.1088/1361-6587/acb845,Plasma Physics and Controlled Fusion,core-dpf,1,1,,
Computational Estimate of the DT-to-DD Neutron Yield Ratio for Plasma Focus Chambers,"В. В. Гаганов, S. F. Garanin, V. Yu. Dolinskii",2023,https://doi.org/10.1134/s1063780x23600081,Plasma Physics Reports,core-dpf,1,0,,
Neutron and Hard X-Ray Pulses of the Plasma Focus Chamber at Discharge Currents of 100–200 kA,"D. I. Yurkov, V. A. Lavrenin, Б. Д. Лемешко et al.",2023,https://doi.org/10.1134/s1063778823100411,Physics of Atomic Nuclei,core-dpf,1,0,,
Dependence of Soft X-Ray Yield on Plasma Focus Parameters and Its Kinetic and Magnetic Pressures,"Sayed A. Ward, Tarek M. Allam, Kamal M. Ahmed et al.",2023,https://doi.org/10.1134/s1063780x23600251,Plasma Physics Reports,core-dpf,1,0,,
"Elemental Composition of Copper Films Deposited on the Surface of Metals Fe, V, and Ti at the Plasma Focus Facility","А. А. Ерискин, Aleksandr Kobzev, V. N. Kolokoltsev et al.",2023,https://doi.org/10.20944/preprints202310.0134.v1,Preprints.org,core-dpf,1,1,,
Dense plasma focus device as a promising method for thin film deposition –a numerical study of Ion beam features from Dense Plasma Focus device,"Sahyouni, Walid, Nassif, Alaa",2023,https://doi.org/10.5281/zenodo.17528942,Zenodo (CERN European Organization for Nuclear Research),core-dpf,0,1,,
Dense plasma focus device as a promising method for thin film deposition –a numerical study of Ion beam features from Dense Plasma Focus device,"Sahyouni, Walid, Nassif, Alaa",2023,https://doi.org/10.5281/zenodo.17528941,Zenodo (CERN European Organization for Nuclear Research),core-dpf,0,1,,
On the failure of neutron yield scaling in the Dense Plasma Focus,S. K. H. Auluck,2023,https://doi.org/10.48550/arxiv.2307.07715,arXiv (Cornell University),core-dpf,0,1,docs/research-reference/core-dpf/2023_On_the_failure_of_neutron_yield_scaling_in_the_dense_plasma_focus.pdf,
Operation of Plasma Focus Chamber as a Part of a Subkilojoule Pulsed Neutron Generator,"D. I. Yurkov, V. A. Lavrenin, Б. Д. Лемешко et al.",2023,https://doi.org/10.1134/s1063780x2360041x,Plasma Physics Reports,core-dpf,0,0,,
Anomalous resistance and its effect on neutron yied production in Mather type dense plasma focus devices,"A. Singh, S. S. Heoh, L. Sing",2023,https://doi.org/10.1049/icp.2022.2628,IET conference proceedings.,core-dpf,0,0,,
The Effect of Time-Dependent Level Kinetics in a 1–D MHD Simulation of an Argon Gas Z-Pinch Implosion,"N. D. Ouart, A. Dasgupta, A. L. Velikovich et al.",2023,https://doi.org/10.1109/icops45740.2023.10481065,?,core-dpf,0,0,docs/research-reference/core-dpf/2023_The_effect_of_time-dependent_level_kinetics_in_a_1-D_MHD_simulation_of_an_argon.pdf,
The effect of time-dependent level kinetics in a 1-D MHD simulation of an argon gas z-pinch implosion*,"Marc-Andre Schaeuble, N. D. Ouart, A. Dasgupta et al.",2023,https://doi.org/10.2172/2431061,?,core-dpf,0,1,docs/research-reference/core-dpf/2023_The_effect_of_time-dependent_level_kinetics_in_a_1-D_MHD_simulation_of_an_argon.pdf,
Upgrading of Mather-type Dense Plasma Focus Machine for Advanced Plasma Dynamic Studies,Christos Karvounis,2023,https://doi.org/10.18690/um.4.2023.33,"University of Maribor, University Press eBooks",core-dpf,0,1,,
Investigation of optical properties and chemical structure of Nd2O3 nanoparticles deposited on NaX zeolite powder using plasma focus device,"Mir Mohammad Reza Seyedhabashi, Hesham Hosseinpour, Ehsanollah Noori",2023,https://doi.org/10.21203/rs.3.rs-2946288/v1,Research Square (Research Square),core-dpf,0,1,docs/research-reference/core-dpf/2023_Investigation_of_Optical_Properties_and_Chemical_Structure_of_Nd2O3_Nanoparticle.pdf,
D–D Fusion Neutron Emission and Plasma Dynamics in 3.1-kJ Plasma Focus Operating With O<sub>2</sub> and D2+Ar Gas Mixtures,"Ł. Marciniak, K. Řezáč, J. Novotný et al.",2023,https://doi.org/10.1109/icops45740.2023.10481265,?,core-dpf,0,0,,
Development and Implementation of Laser Schlieren Imaging and Interferometry to Diagnose Structure and Electron Density in a Dense Plasma Focus,"S. Rocc, B. H. Shaw, C. Goyon et al.",2023,https://doi.org/10.1109/icops45740.2023.10481241,?,core-dpf,0,0,,
PF-1000 neutron yield and Lee model parameters,M. Akel et al.,2021,,Journal of Fusion Energy,core-dpf,0,1,reference/papers/dpf-direct/akel-2021-pf1000-neutron-yield.pdf,
First Experiments and Radiographs on the MegaJOuLe Neutron Imaging Radiography (MJOLNIR) Dense Plasma Focus,D.T. Offermann et al.,2021,,IEEE Transactions on Plasma Science,core-dpf,0,1,reference/papers/dpf-direct/offermann-2021-mjolnir-dpf.pdf,
Assessment of ALEGRA Computation for Magnetostatic Configurations,P. Grinfeld et al.,2018,,Sandia National Laboratories,core-dpf,0,1,reference/papers/dpf-direct/grinfeld-2018-alegra-magnetostatic-vv.pdf,
Fully Three-dimensional Simulation and Modeling of a Dense Plasma Focus,B. Meehan et al.,2014,,IEEE Transactions on Plasma Science,core-dpf,0,1,reference/papers/dpf-direct/meehan-2014-3d-dpf-alegra.pdf,
ALEGRA-MHD: Version 4.6,T. Haill et al.,2005,,Sandia National Laboratories SAND Report,core-dpf,0,1,reference/papers/dpf-direct/haill-2005-alegra-mhd-v46-sand-report.pdf,
AFRL Dense Plasma Focus Report (ADA192285),AFRL,1987,,Air Force Research Laboratory,core-dpf,0,1,references/ADA192285.pdf,
pic logo sw,See PDF,2019,,Various,legacy-code,0,1,reference/legacy-simulators/picongpu-dev/docs/logo/pic_logo_sw.pdf,
pic logo on blue,See PDF,2019,,Various,legacy-code,0,1,reference/legacy-simulators/picongpu-dev/docs/logo/pic_logo_on_blue.pdf,
pic logo,See PDF,2019,,Various,legacy-code,0,1,reference/legacy-simulators/picongpu-dev/docs/logo/pic_logo.pdf,
alpaka,See PDF,2019,,Various,legacy-code,0,1,reference/legacy-simulators/picongpu-dev/thirdParty/alpaka/docs/logo/alpaka.pdf,
saahpc 09,See PDF,2019,,Various,legacy-code,0,1,reference/legacy-simulators/picongpu-dev/thirdParty/cuda_memtest/doc/saahpc_09.pdf,
Annotated Review Copy,See PDF,2019,,Various,legacy-code,0,1,reference/legacy-simulators/HeliosMatrixDPF1.0/research_paper/Annotated_Review_Copy.pdf,
Final Paper Submitted,See PDF,2019,,Various,legacy-code,0,1,reference/legacy-simulators/HeliosMatrixDPF1.0/research_paper/Final_Paper_Submitted.pdf,
MonteCarlo Validation Results,See PDF,2019,,Various,legacy-code,0,1,reference/legacy-simulators/KelixDPFV1.0/documentation/MonteCarlo_Validation_Results.pdf,
System Architecture,See PDF,2019,,Various,legacy-code,0,1,reference/legacy-simulators/KelixDPFV1.0/documentation/System_Architecture.pdf,
Safety Procedures,See PDF,2019,,Various,legacy-code,0,1,reference/legacy-simulators/KelixDPFV1.0/documentation/Safety_Procedures.pdf,
DPF User Guide,See PDF,2019,,Various,legacy-code,0,1,reference/legacy-simulators/KelixDPFV1.0/documentation/DPF_User_Guide.pdf,
Annotated Review Copy,See PDF,2019,,Various,legacy-code,0,1,reference/legacy-simulators/KelixDPFV1.0/research_paper/Annotated_Review_Copy.pdf,
Final Paper Submitted,See PDF,2019,,Various,legacy-code,0,1,reference/legacy-simulators/KelixDPFV1.0/research_paper/Final_Paper_Submitted.pdf,
PhysRevLett.109.205003 accepted,See PDF,2019,,Various,legacy-code,0,1,reference/legacy-simulators/HeliosMatrix/PhysRevLett.109.205003-accepted.pdf,
USimInDepth,See PDF,2019,,Various,legacy-code,0,1,reference/legacy-simulators/HeliosMatrix/USimInDepth.pdf,
VSimReferenceManual,See PDF,2019,,Various,legacy-code,0,1,reference/legacy-simulators/HeliosMatrix/VSimReferenceManual.pdf,
226144485,See PDF,2019,,Various,legacy-code,0,1,reference/legacy-simulators/HeliosMatrix/226144485.pdf,
Pub34832,See PDF,2019,,Various,legacy-code,0,1,reference/legacy-simulators/HeliosMatrix/gpt/Pub34832.pdf,
DimLifePF96,See PDF,2019,,Various,legacy-code,0,1,reference/legacy-simulators/HeliosMatrix/gpt/DimLifePF96.pdf,
PhysRevLett.109.205003 accepted,See PDF,2019,,Various,legacy-code,0,1,reference/legacy-simulators/HeliosMatrix/gpt/PhysRevLett.109.205003-accepted.pdf,
626327,See PDF,2019,,Various,legacy-code,0,1,reference/legacy-simulators/HeliosMatrix/gpt/626327.pdf,
ap dm 04,See PDF,2019,,Various,legacy-code,0,1,reference/legacy-simulators/HeliosMatrix/gpt/ap_dm-04.pdf,
Two dimensional simulation of dense plasma focus,See PDF,2019,,Various,legacy-code,0,1,reference/legacy-simulators/HeliosMatrix/gpt/Two-dimensional simulation of dense plasma focus.pdf,
Krish DPF 2012Review,See PDF,2019,,Various,legacy-code,0,1,reference/legacy-simulators/HeliosMatrix/gpt/Krish_DPF_2012Review.pdf,
Schmidt presentation,See PDF,2019,,Various,legacy-code,0,1,reference/legacy-simulators/HeliosMatrix/gpt/Schmidt_presentation.pdf,
Plasmaiops ,See PDF,2019,,Various,legacy-code,0,1,reference/legacy-simulators/HeliosMatrix/gpt/Plasmaiops .pdf,
2019 06 Landreman   SULI   computational plasma physics v02,See PDF,2019,,Various,legacy-code,0,1,reference/legacy-simulators/HeliosMatrix/gpt/2019-06 Landreman - SULI - computational plasma physics v02.pdf,
Thesis,See PDF,2019,,Various,legacy-code,0,1,reference/legacy-simulators/HeliosMatrix/gpt/Thesis.pdf,
780340,See PDF,2019,,Various,legacy-code,0,1,reference/legacy-simulators/HeliosMatrix/gpt/780340.pdf,
Patel Krishna Programming a Plasma Physics Calculator with the Use of Python SRP2021 ,See PDF,2019,,Various,legacy-code,0,1,reference/legacy-simulators/HeliosMatrix/gpt/Patel_Krishna_Programming_a_Plasma_Physics_Calculator_with_the_Use_of_Python_SRP2021 .pdf,
preview 9780429801068 A38583731,See PDF,2019,,Various,legacy-code,0,1,reference/legacy-simulators/HeliosMatrix/gpt/preview-9780429801068_A38583731.pdf,
Dense Plasma Focus   From Alternative Fusion Sourc,See PDF,2019,,Various,legacy-code,0,1,reference/legacy-simulators/HeliosMatrix/gpt/Dense_Plasma_Focus_-_From_Alternative_Fusion_Sourc.pdf,
Energies PP,See PDF,2019,,Various,legacy-code,0,1,reference/legacy-simulators/HeliosMatrix/gpt/Energies PP.pdf,
Payment Receipt   KUBRA EZ PAY,See PDF,2019,,Various,legacy-code,0,1,reference/legacy-simulators/HeliosMatrix/gpt/Payment Receipt - KUBRA EZ-PAY.pdf,
Plasma modelling and numerical simulation,See PDF,2019,,Various,legacy-code,0,1,reference/legacy-simulators/HeliosMatrix/gpt/Plasma_modelling_and_numerical_simulation.pdf,
Introduction to plasma physics using Python,See PDF,2019,,Various,legacy-code,0,1,reference/legacy-simulators/HeliosMatrix/gpt/Introduction to plasma physics using Python.pdf,
VanArsdallPulsedPower072984p,See PDF,2019,,Various,legacy-code,0,1,reference/legacy-simulators/HeliosMatrix/gpt/VanArsdallPulsedPower072984p.pdf,
2 ICTP e manual 2,See PDF,2019,,Various,legacy-code,0,1,reference/legacy-simulators/HeliosMatrix/gpt/2 ICTP e-manual 2.pdf,
NeurIPS ML4PS 2021 26,See PDF,2019,,Various,legacy-code,0,1,reference/legacy-simulators/HeliosMatrix/gpt/NeurIPS_ML4PS_2021_26.pdf,
caflisch,See PDF,2019,,Various,legacy-code,0,1,reference/legacy-simulators/HeliosMatrix/gpt/caflisch.pdf,
paper ieee 2006,See PDF,2019,,Various,legacy-code,0,1,reference/legacy-simulators/HeliosMatrix/gpt/paper_ieee_2006.pdf,
233301 1 online,See PDF,2019,,Various,legacy-code,0,1,reference/legacy-simulators/HeliosMatrix/gpt/233301_1_online.pdf,
1402.5083v1,See PDF,2019,,Various,legacy-code,0,1,reference/legacy-simulators/HeliosMatrix/gpt/1402.5083v1.pdf,
PPPL 3552,See PDF,2019,,Various,legacy-code,0,1,reference/legacy-simulators/HeliosMatrix/gpt/PPPL-3552.pdf,
charactPfSpeedEnhanceCairo03,See PDF,2019,,Various,legacy-code,0,1,reference/legacy-simulators/HeliosMatrix/gpt/charactPfSpeedEnhanceCairo03.pdf,
Rémi Sentis,See PDF,2019,,Various,legacy-code,0,1,reference/legacy-simulators/HeliosMatrix/gpt/Rémi Sentis.pdf,
770386,See PDF,2019,,Various,legacy-code,0,1,reference/legacy-simulators/HeliosMatrix/gpt/770386.pdf,
A SerbanPhD1995,See PDF,2019,,Various,legacy-code,0,1,reference/legacy-simulators/HeliosMatrix/gpt/A SerbanPhD1995.pdf,
Book of Abstracts MHD PP 2024,See PDF,2019,,Various,legacy-code,0,1,reference/legacy-simulators/HeliosMatrix/gpt/Book_of_Abstracts_MHD-PP_2024.pdf,
1000284,See PDF,2019,,Various,legacy-code,0,1,reference/legacy-simulators/HeliosMatrix/gpt/1000284.pdf,
AI-Augmented Development of a Multi-Physics Dense Plasma Focus Simulator,Anthony Zamora,2026,,Submitted to IEEE TPS,own-work,0,1,docs/paper-ai-driven-dpf-development.md,
DPF-Unified Research Paper,Anthony Zamora,2026,,Draft,own-work,0,1,Zamora_DPF_Unified_Research_Paper.docx,
DPF-Unified Technical White Paper,Anthony Zamora,2026,,Draft,own-work,0,1,Zamora_DPF_Unified_Technical_White_Paper.docx,
DPF-Unified Companion Paper,Anthony Zamora,2026,,Draft,own-work,0,1,Zamora_DPF_Unified_Companion_Paper.docx,
Gemini Research: research 1773587729,Gemini Ultra,2026,,AI Research Output,own-work,0,1,docs/gemini-research/research-1773587729.md,
Gemini Research: research 1773587726,Gemini Ultra,2026,,AI Research Output,own-work,0,1,docs/gemini-research/research-1773587726.md,
Gemini Research: research 1773587723,Gemini Ultra,2026,,AI Research Output,own-work,0,1,docs/gemini-research/research-1773587723.md,
Plasma Physics - Theory and Experiments,PowerLAPS,2023,,Book,textbook,0,1,reference/textbooks/powerlaps-plasma-physics-theory-experiments.pdf,
Introduction to Plasma Physics and Controlled Fusion (3rd Edition),Francis F. Chen,2016,,Springer,textbook,0,1,reference/textbooks/chen-intro-plasma-physics-controlled-fusion-3ed.pdf,
