relative_path,accession,title,pages,size,sha256,doi_found,relevance,status,repo_matches
AD1076777_OptimizationofDensePlasmaFocusbDPFbNeutronSourcesviaEx.pdf,AD1076777,Optimization of Dense Plasma Focus (DPF) Neutron Sources via Experiments and Kinetic Modeling,8,1221229,8b83e6b55436a2330973f06c6a4589f4ce2839dde381a3db175a0e442c509a64,,high,intake_unreviewed_not_KR,
AD1076777_OptimizationofbDensebbPlasmabFocusDPFNeutronSources.pdf,AD1076777,Optimization of Dense Plasma Focus (DPF) Neutron Sources via Experiments and Kinetic Modeling,8,1221229,8b83e6b55436a2330973f06c6a4589f4ce2839dde381a3db175a0e442c509a64,,high,intake_unreviewed_not_KR,
AD1079881_OptimizationofbDensebbPlasmabFocusDPFNeutronSources.pdf,AD1079881,Optimization of Dense Plasma Focus (DPF) Neutron Sources via Experiments and Kinetic Modeling,8,1224569,2c016fb54004f1a1a8ad3bdcc62826607d833adfe4b85cd01f66c3144f50689d,,high,already_in_repo_or_KR,docs/SCIENTIFIC_CLOSURE_SOURCE_QUEUE.md
AD1095975_SpatialDistributionofIonEmissioninGas-PuffZ-PinchesandbDens.pdf,AD1095975,Spatial Distri utionof Ion Emissionin Gas Puff Z Pinchesand Dens,14,2436279,7c486e76c3d7bf98edad1fe72172a82429356fa126d23d26960ba5166b4a764e,10.1088/1361-6587/ab6902,medium,intake_unreviewed_not_KR,
AD1095975_SpatialDistributionofIonEmissioninGas-PuffbZb-bPinches.pdf,AD1095975,Spatial Distri utionof Ion Emissionin Gas Puff Z Pinches,14,2436279,7c486e76c3d7bf98edad1fe72172a82429356fa126d23d26960ba5166b4a764e,10.1088/1361-6587/ab6902,medium,intake_unreviewed_not_KR,
AD1098588_AccelerationofProtonsandDeuteronsUpto35MevandGenerationof1.pdf,AD1098588,Accelerationof Protonsand Deuterons Upto35Mevand Generationof1,12,1852932,3f0ebd08020635ec18e73c84634f127c45097841b5e08ad32bb5dac4308416b0,10.1088/1361-6587/aadc99,medium,intake_unreviewed_not_KR,
AD1099126_EffectsofaPreembeddedAxialMagneticFieldontheCurrentDistribut.pdf,AD1099126,Effects of a Preembedded Axial Magnetic Field on the Current Distribution in a Z-Pinch Implosion,5,777106,fed533116bb5b7cce996d17ad3bbdeecfe0fbf0cc80c87b5b8cb85033402d9e6,10.1103/PhysRevLett.122.045001,medium,intake_unreviewed_not_KR,
AD1100306_SimulationsofabDensebbPlasmabFocusonaHigh-Impedance.pdf,AD1100306,Simulations of a Dense Plasma Focus on a High-Impedance Generator,5,1654297,0358c24d9e71dffd8ac423c60b212a782b66fb598294763fbd08fea5baae103e,10.1109/TPS.2018.2865188,high,intake_unreviewed_not_KR,
AD1101079_GuestEditorialSpecialIssueonZPinchbPlasmasb.pdf,AD1101079,Guest Editorial Special Issueon ZPinch Plasmas,2,86710,b1c47de6159d27310d16cf31493d12bf0ddf49b77cda9eea0cbe9cfa1e6ac53d,10.1109/TPS.2018.2875174,medium,intake_unreviewed_not_KR,
AD1123736_CharacterizationofElectronBeamsfromabDensebbPlasmabF.pdf,AD1123736,Characterization of Electron Beams from a Dense Plasma Focus,19,1191083,d48f6741c06bded703c9efa64d512819fb9f32c5dae0520049537211a1f5b2f4,,high,intake_unreviewed_not_KR,
AD1148035_RubricsforChargeConservingCurrentMappinginFiniteElementElectr.pdf,AD1148035,Ru ricsfor Charge Conserving Current Mappingin Finite Element Electr,16,1571544,7373140c775c282812b219b8d42c59f8db8d253a96041805c124bea568d5903f,,low,intake_unreviewed_not_KR,
AD1156411_RobustMaxwellSolversForLargeScalebParticleb-In-bCellb.pdf,AD1156411,Ro ust Maxwell Solvers For Large Scale Particle In Cell,138,2590906,cffb92861d5bb1cb99bec6bd915a905440291aed0103026f25221486fafbe037,,medium,intake_unreviewed_not_KR,
AD1180075_MitigationofMagneto-Rayleigh-TaylorInstabilityGrowthinaTriple-N.pdf,AD1180075,Mitigationof Magneto Rayleigh Taylor Insta ility Growthina Triple N,6,1977272,0f97b437ead20d19d634aabc64110e81be839944bd4ea29854e8be9736aaceb2,10.1103/PhysRevE.104.L023201,medium,intake_unreviewed_not_KR,
AD1187201_TheMFiXbParticlebinbCellbMethodMFiXPICTheoryGuide.pdf,AD1187201,The MFi X Particle in Cell Method MFi XPICTheory Guide,32,1494023,8adceb05e2820cf365262be5a6269b852ce4313b0482ab71ded3c22a65a127de,10.2172/1630414,medium,intake_unreviewed_not_KR,
AD1206892_Particle-in-CellModelingofOmegaExperimentsonAblationofbPlasm.pdf,AD1206892,Particle-in-Cell Modeling of Omega Experiments on Ablation of Plasmas,9,3907161,153394e55da3a2661b9051fe4624542fc07e39e31b65c8cb14ad2eb5986ae228,10.1109/TPS.2022.3220184,medium,intake_unreviewed_not_KR,
AD1206892_bParticleb-in-bCellbModelingofOmegaExperimentsonAblati.pdf,AD1206892,Particle-in-Cell Modeling of Omega Experiments on Ablation of Plasmas,9,3907161,153394e55da3a2661b9051fe4624542fc07e39e31b65c8cb14ad2eb5986ae228,10.1109/TPS.2022.3220184,medium,intake_unreviewed_not_KR,
AD1302183_ReducingtheComputationalComplexityofImplicitSchemesintheModel.pdf,AD1302183,Reducing the computational complexity of implicit schemes in the modeling of kinetic inelastic collisions in a partially ionized plasma,25,3416818,62b3fa3523717d9cde8b1a5fb5ea15762d00fccd68787d1fc3e1d0baf31b2edb,10.1002/num.23121,low,intake_unreviewed_not_KR,
AD1302801_MeasurementsandApplicationsofStronglyCorrelatedbPlasmasbGe.pdf,AD1302801,Measurementsand Applicationsof Strongly Correlated Plasmas Ge,150,9913232,41f88be94ca247ca7c3abbf862b20fcb6440d6ce4c0ee4fc40329bbd759f52f1,,low,intake_unreviewed_not_KR,
AD1321188_NovelCollisionalbParticleb-In-bCellbCPICMethodsforKi.pdf,AD1321188,Novel Collisional Particle In Cell CPICMethodsfor Ki,6,369969,8a90e551c6e5bae42222090121b4062c377fc2a959d7b848256f0cc15ab35b22,,medium,intake_unreviewed_not_KR,
AD1321713_DirectedHighEnergyRadiationandParticleBeamsGeneratedUsingExtr.pdf,AD1321713,Directed High Energy Radiationand Particle Beams Generated Using Extr,20,12928766,f2c2e23186417530d5088b5b62bea284c18c2b303b9e236111b9f02f223234d6,,medium,intake_unreviewed_not_KR,
AD1338534_AssemblingaDeep-HistoryBinaryCorpus (1).pdf,AD1338534,Assem linga Deep History Binary Corpus (1),13,5094490,c01698b17c7edcfad4df07570c0c06fc57c3b01fc72f5480aff6b797d589e5b0,,low,intake_unreviewed_not_KR,
AD1345078_EffectofCurrentSheathInitiationontheRadialCollapseandEnerget.pdf,AD1345078,Effect of current sheath initiation on the radial collapse and energetic particle acceleration in 10 kJ Dense Plasma Focus,22,6553094,b2e95b882b6addf4e61db11616edc6e6458212233602eabf2d9a6a4c8283d159,,high,intake_unreviewed_not_KR,
ADA433824_AdvancementsinDensePlasmaFocusbDPFbforSpacePropulsion.pdf,ADA433824,Advancements in Dense Plasma Focus (DPF) for Space Propulsion,9,380678,6e45eca49152e4e74e0882a9a6358f1edf9c5491e3c4014caac9dab849e9bc5e,,high,intake_unreviewed_not_KR,
ADA454652_AnInvestigationofBremsstrahlungReflectioninaDensePlasmaFocus.pdf,ADA454652,An Investigation of Bremsstrahlung Reflection in a Dense Plasma Focus,9,518970,f17533f2f1c9bc378b7ecd65dea0a6ed125eb067503eb84f7402e0b24979f98c,,high,intake_unreviewed_not_KR,
ADA589175_HierarchicalReconstructionwithUptoSecondDegreeRemainderforSol.pdf,ADA589175,Hierarchical Reconstructionwith Upto Second Degree Remainderfor Sol,17,1041704,577e3e5b899e51ea9c5bdd8d2ed3f37a9cb6653498c181b79dbe51df2d288c16,,low,intake_unreviewed_not_KR,
ADA589371_LocalDiscontinuousGalerkinMethodsfortheGeneralizedZakharovSyst.pdf,ADA589371,Local Discontinuous Galerkin Methodsforthe Generalized Zakharov Syst,25,1541715,fde62bccc571a858023d887f894645752c7fdc67d6c34576af91513fb12f4600,,low,intake_unreviewed_not_KR,
ADA598221_Magneto-Rayleigh-TaylorInstabilityExperimentsonabDensebZ-Pi.pdf,ADA598221,Magneto Rayleigh Taylor Insta ility Experimentsona Dense Z Pi,3,472428,b55fe77022316aff238ee842feee1819305e7d7a11e6d33aef5e0c307b37372d,,low,intake_unreviewed_not_KR,
ADA598893_KineticComputationalModelofExplosiveEmissionCenterInitiationby.pdf,ADA598893,Kinetic Computational Modelof Explosive Emission Center Initiation y,5,306483,6429b871e05600b8a078222655c824121782dc968b6e80477006cf12fd42e4cd,,medium,intake_unreviewed_not_KR,
ADA599854_ElectrodynamicPropertiesofbDensebSemiclassicalbPlasmab.pdf,ADA599854,Electrodynamic Propertiesof Dense Semiclassical Plasma,3,120738,9a31f386d8a554a3c2f06c5a1b47ecdb924a451dc99d515e264d5aae5a860ac9,,low,intake_unreviewed_not_KR,
ADA606395_bParticlebinbCellbSimulationofPlasmaThrusters.pdf,ADA606395,Particle in Cell Simulationof Plasma Thrusters,7,1432793,778ab66ca7e990b21cf736b80cba4583c06de450a350965b4c4a35fa990d7449,,medium,intake_unreviewed_not_KR,
ADA628985_MAGIC3DElectromagneticFDTD-PICCodebDensebbPlasmabModel.pdf,ADA628985,MAGIC3DElectromagnetic FDTD PICCode Dense Plasma Model,5,2282872,12af3670b9750b76b15223dac604f3bc2bc87089e86d35f1b3c80b5c26f024fb,,medium,intake_unreviewed_not_KR,
Wave 5/1169854.pdf,1169854,,15,1031188,3f439245a587d93ac22c428451fc35a70252dc73bac0fa3bd2e43dbe01625090,,high,intake_unreviewed_not_KR,
Wave 5/AD1001263_ModelingofInelasticCollisionsinaMultifluidPlasmaExcitationan.pdf,AD1001263,Modelingof Inelastic Collisionsina Multifluid Plasma Excitationan,40,881147,c90bc64ecd07bcf162c470cfaedd6e213402183bcd84c7bcc56025bb688abd3a,,low,intake_unreviewed_not_KR,
Wave 5/AD1076777_OptimizationofbDensebbPlasmabbFocusbDPFNeutron.pdf,AD1076777,Optimization of Dense Plasma Focus (DPF) Neutron Sources via Experiments and Kinetic Modeling,8,1221229,8b83e6b55436a2330973f06c6a4589f4ce2839dde381a3db175a0e442c509a64,,high,intake_unreviewed_not_KR,
Wave 5/AD1095966_IonAccelerationandNeutronProductioninHybridGasPuffZPincheso.pdf,AD1095966,Ion Accelerationand Neutron Productionin Hy rid Gas Puff ZPincheso,11,2437229,e1335f508ed0426b1b7f349577b7fe33dffaeeb0a29a01f5ac46d615501c0ce8,10.1063/1.5132845,medium,intake_unreviewed_not_KR,
Wave 5/AD1096219_LocalMeasurementsoftheSpatialMagneticFieldDistributioninaZ-P.pdf,AD1096219,Local Measurementsofthe Spatial Magnetic Field Distri utionina Z P,11,2382737,7a665849ebdf2ddd36b0dbf9e498c3d9be47772a13a865696d7dcb713f919e28,10.1063/1.5126934,medium,intake_unreviewed_not_KR,
Wave 5/AD1098588_AccelerationofProtonsandDeuteronsUpto35MevandGenerationof1.pdf,AD1098588,Accelerationof Protonsand Deuterons Upto35Mevand Generationof1,12,1852932,3f0ebd08020635ec18e73c84634f127c45097841b5e08ad32bb5dac4308416b0,10.1088/1361-6587/aadc99,medium,intake_unreviewed_not_KR,
Wave 5/AD1100306_bSimulationsbofaDensePlasmaFocusonaHigh-ImpedanceGenerat.pdf,AD1100306,Simulations of a Dense Plasma Focus on a High-Impedance Generator,5,1654297,0358c24d9e71dffd8ac423c60b212a782b66fb598294763fbd08fea5baae103e,10.1109/TPS.2018.2865188,high,intake_unreviewed_not_KR,
Wave 5/AD1100651_ObservationsoftheMagneto-Rayleigh-TaylorInstabilityandShockDyna.pdf,AD1100651,O servationsofthe Magneto Rayleigh Taylor Insta ilityand Shock Dyna,10,3337149,912060223b28054105305aee6ac2414b1b4706ff730da34194959651c5d24d81,10.1063/1.5032084,medium,intake_unreviewed_not_KR,
Wave 5/AD1116543_2019NRLPlasmaFormulary.pdf,AD1116543,2019NRLPlasma Formulary,72,647682,037290d47c8ff043cad3c846dba42f7233037a7c9077f61343564472d8ccf31b,,medium,intake_unreviewed_not_KR,
Wave 5/AD1123736_CharacterizationofElectronBeamsfromaDensePlasmaFocus.pdf,AD1123736,Characterization of Electron Beams from a Dense Plasma Focus,19,1191083,d48f6741c06bded703c9efa64d512819fb9f32c5dae0520049537211a1f5b2f4,,high,intake_unreviewed_not_KR,
Wave 5/AD1194691_bSimulatingbaPulsed-Power-DrivenPlasmawithIdealbMHDb.pdf,AD1194691,Simulating a pulsed-power-driven plasma with ideal MHD,11,2764798,b5b77f274da5d975d9a026ff207679959f73f8c97fa0f137b2dfa34f81aa1b80,10.1063/5.0073242,medium,intake_unreviewed_not_KR,
Wave 5/AD1206892_Particle-in-CellModelingofOmegaExperimentsonAblationofbPlasm.pdf,AD1206892,Particle-in-Cell Modeling of Omega Experiments on Ablation of Plasmas,9,3907161,153394e55da3a2661b9051fe4624542fc07e39e31b65c8cb14ad2eb5986ae228,10.1109/TPS.2022.3220184,medium,intake_unreviewed_not_KR,
Wave 5/AD1300646_StudiesofbPlasmabSheathPhysicsusingContinuumKineticbSim.pdf,AD1300646,Studies of Plasma Sheath Physics using Continuum Kinetic Simulations of Plasmas,6,130256,e15a4b416ec0e492ce73a5b1129a2c0a030cbceecb5c10c81e24bdb1d5c26da1,,medium,intake_unreviewed_not_KR,
Wave 5/AD1330276_PhysicsandApplicationsofDustyPlasmasThePerspectives2023.pdf,AD1330276,Physicsand Applicationsof Dusty Plasmas The Perspectives2023,54,5559924,070a82829ee95eee263bf3aab048a0267c70b36c738ade10184cf7e05a555a51,10.1063/5.0168088,low,intake_unreviewed_not_KR,
Wave 5/AD1340820_Thermo-HydrodynamicsofaStronglyCoupledPlasma.pdf,AD1340820,Thermo Hydrodynamicsofa Strongly Coupled Plasma,35,3734722,d2b9cecde8275721cfc0205821642623c8bf21b94b9ffc02dc19300df74b2468,,low,intake_unreviewed_not_KR,
Wave2/AD1036184_Multi-scaleandmulti-bphysicsbbsimulationsbusingthemult.pdf,AD1036184,Multi scaleandmulti physics simulations usingthemult,32,11376874,3bf9895a5579a718879d747ba675b767d372325a8837b48da23c9780e9ce6c16,,low,intake_unreviewed_not_KR,
Wave2/AD1038890_ALEGRA-bMHDbSimulationsforMagnetizationofanEllipsoidalIncl.pdf,AD1038890,ALEGRA MHD Simulationsfor Magnetizationofan Ellipsoidal Incl,26,479205,e2b69c609f2285fbe309225111425ba6ab7020ce20ef224a7da1e6456026916c,,medium,intake_unreviewed_not_KR,
Wave2/AD1057898_3-DbALEGRAbSimulationsofMagneticFieldShieldingEffectsofC.pdf,AD1057898,3 D ALEGRA Simulationsof Magnetic Field Shielding Effectsof C,17,1272208,4e04c8807de9a1c43d373a77671b63470e68361e8054aa7dcc19a4cdb4e39e8c,,medium,intake_unreviewed_not_KR,
Wave2/AD1096774_ALE3D-bMHDbModelingofModifiedSqueeze5MagneticFluxCompress.pdf,AD1096774,ALE3D MHD Modelingof Modified Squeeze5Magnetic Flux Compress,22,1656227,7022ab0decd65498ca66d865da7187065690073b19bd7605280c08b1d0694d29,,medium,intake_unreviewed_not_KR,
Wave2/AD1097132_Physics-Based-AdaptivebPlasmabModelforHigh-FidelityNumerical.pdf,AD1097132,Physics Based Adaptive Plasma Modelfor High Fidelity Numerical,25,1799294,68a8c2e87812438e5439560a3627b8d6bfcba83a6184365e67c196d5aa8b0d2f,,low,intake_unreviewed_not_KR,
Wave2/AD1105890_TowardpredictivemodelingofExBbplasmabdischarges.pdf,AD1105890,Towardpredictivemodelingof Ex B plasma discharges,19,2991021,548301391e2ac245167ead77c6f616aa2cf79175044dc3caf83d6f1f62bab585,,low,intake_unreviewed_not_KR,
Wave2/AD1142423_TheRigid-BeamModelforbSimulatingbbPlasmasbGeneratedby.pdf,AD1142423,The Rigid Beam Modelfor Simulating Plasmas Generated y,11,1272951,8201d8a7fca192c7b19bbccef0291b25212aec41682be961d21cd0681c4d95da,,low,intake_unreviewed_not_KR,
Wave2/AD1194307_EnablingReduced-OrderCollisional-RadiativeModelingforReactivePla.pdf,AD1194307,Ena ling Reduced Order Collisional Radiative Modelingfor Reactive Pla,41,16178655,3f5ffcf29a1174837033a875baeb1a772d1a0aed5c974d4d82b1f08c1cd11aad,,medium,intake_unreviewed_not_KR,
Wave2/AD1194307_EnablingReduced-OrderCollisional-RadiativeModelingforReactiveb.pdf,AD1194307,Ena ling Reduced Order Collisional Radiative Modelingfor Reactive,41,16178655,3f5ffcf29a1174837033a875baeb1a772d1a0aed5c974d4d82b1f08c1cd11aad,,medium,intake_unreviewed_not_KR,
Wave2/AD1194691_SimulatingaPulsed-Power-DrivenPlasmawithIdealbMHDb.pdf,AD1194691,Simulating a pulsed-power-driven plasma with ideal MHD,11,2764798,b5b77f274da5d975d9a026ff207679959f73f8c97fa0f137b2dfa34f81aa1b80,10.1063/5.0073242,medium,intake_unreviewed_not_KR,
Wave2/AD1194691_bSimulatingbaPulsed-Power-DrivenbPlasmabwithIdealMHD.pdf,AD1194691,Simulating a pulsed-power-driven plasma with ideal MHD,11,2764798,b5b77f274da5d975d9a026ff207679959f73f8c97fa0f137b2dfa34f81aa1b80,10.1063/5.0073242,medium,intake_unreviewed_not_KR,
Wave2/AD1300646_StudiesofbPlasmabSheathPhysicsusingContinuumKineticbSim.pdf,AD1300646,Studies of Plasma Sheath Physics using Continuum Kinetic Simulations of Plasmas,6,130256,e15a4b416ec0e492ce73a5b1129a2c0a030cbceecb5c10c81e24bdb1d5c26da1,,medium,intake_unreviewed_not_KR,
Wave2/AD1326156_PREDICTIVEANDPRACTICALbSIMULATIONSbOFbPLASMAbSYSTEMSA.pdf,AD1326156,PREDICTIVEANDPRACTICAL SIMULATIONS OF PLASMA SYSTEMSA,25,2530513,f40a112610c992d6623bb92869f86ca2eeb9f2eaceca9112ee0d1f95319a191e,,low,intake_unreviewed_not_KR,
Wave2/AD1331701_ExperimentModelingandbSimulationbofAdvancedMaterials-b.pdf,AD1331701,Experiment Modelingand Simulation of Advanced Materials,18,3402441,dc4703eb8af1330de08a944a63871a74ec518e9d2541c72548fc06f570041002,,low,intake_unreviewed_not_KR,
Wave2/AD1334827_AHybridModelforMultiscaleLaserbPlasmabbSimulationsbw.pdf,AD1334827,AHy rid Modelfor Multiscale Laser Plasma Simulations w,20,2008971,69b33ebe2e88a6d93eb6e41fccc08c2737aabf175cbb407bdbdbd651fee8037b,,low,intake_unreviewed_not_KR,
Wave2/AD1337397_Electronemissionbphysicsbbsimulationsb.pdf,AD1337397,Electronemission physics simulations,16,896498,4c71fbe527f7674beacf8813f5fc43db95bb6c7a82a935a5b68415ec3a5a8c9e,,low,intake_unreviewed_not_KR,
Wave2/AD1338034_ExperimentModelingandbSimulationbofAdvancedMaterials-b.pdf,AD1338034,Experiment Modelingand Simulation of Advanced Materials,18,3403242,ea1817c6d5049681873eaa8b5aeee0c3ba87d6d0a3d808e7206b5dbcf681b30b,,low,intake_unreviewed_not_KR,
Wave2/ADA462260_DeviceDemonstration.pdf,ADA462260,Device Demonstration,190,77059108,72fd2b544e20dfd1d8ca5273217b78696dbfdcbe939a9caa41196a91b41c74a9,,low,intake_unreviewed_not_KR,
Wave2/ADA610142_Characterizationofa500JbDensebbPlasmabbFocusbfor.pdf,ADA610142,CHARACTERIZATION OF A 500J DENSE PLASMA FOCUS FOR PRODUCING SOFT X-RAYS,5,392090,db2349b11e58e97dc7226321f1ed8062296f3a86db8d397034444a9d6337eb8e,,high,intake_unreviewed_not_KR,
Wave2/ADA635195_PFMA-1A1-Hz150-kJPulsedPowerSystemforPlasmaFocusGeneration.pdf,ADA635195,"PFMA-1: A 1-Hz, 150-kJ PULSED POWER SYSTEM FOR PLASMA FOCUS GENERATION",6,468040,9590eb6507db55e268053b12ff8fc7d47e720860f163d8581c092b370614a23a,,high,intake_unreviewed_not_KR,
Wave2/ADA635937_2DMHDComputerModelingofbDensebbPlasmabbFocusbAc.pdf,ADA635937,2D MHD COMPUTER MODELING OF DENSE PLASMA FOCUS ACCELERATORS,6,132260,74d0df14b491317892936789149417558b647a33c0045a7acde59366b5243b15,,high,intake_unreviewed_not_KR,
Wave2/ADA636210_bSnowplowbModelingofaLong-Conduction-TimePlasmaOpeningSwit.pdf,ADA636210,SNOWPLOW MODELING OF A LONG-CONDUCTION-TIME PLASMA OPENING SWITCH,5,541025,7b686fb62c50e1c2b059468c05f0def821fe6dac36f617a9c0ead1c5aca700d5,,medium,intake_unreviewed_not_KR,
Wave2/DSIAC-2195387_ClassicalTrajectoryMonteCarlobSimulationbofbPlasmabFu.pdf,DSIAC-2195387,Classical Trajectory Monte Carlo Simulation of Plasma Fu,9,2341632,31246535f2e0545ef96d3412e4777db4d0cde4a5c679a9fca94676dd7ab45c3e,10.1063/1.5110259,low,intake_unreviewed_not_KR,
Wave4/033302_1_5.0311453.pdf,033302_1_5.0311453,Formation and dynamics of Z-pinch plasma in a coaxial plasma gun,13,4773214,365ec9f0b28db4b111f0f12b57bfefbfee026b4ba11acbebe6a00ce7a51157ac,10.1063/5.0311453,medium,intake_unreviewed_not_KR,
Wave4/033302_1_5.0311453.pdf.crdownload,033302_1_5.0311453,033302 1 5.0311453,,4773214,365ec9f0b28db4b111f0f12b57bfefbfee026b4ba11acbebe6a00ce7a51157ac,,low,intake_unreviewed_not_KR,
Wave4/AD1079881_OptimizationofDensebPlasmabFocusDPFNeutronSourcesviaEx.pdf,AD1079881,Optimization of Dense Plasma Focus (DPF) Neutron Sources via Experiments and Kinetic Modeling,8,1224569,2c016fb54004f1a1a8ad3bdcc62826607d833adfe4b85cd01f66c3144f50689d,,high,already_in_repo_or_KR,docs/SCIENTIFIC_CLOSURE_SOURCE_QUEUE.md
Wave4/AD1105890_TowardpredictivemodelingofExBbplasmabdischarges.pdf,AD1105890,Towardpredictivemodelingof Ex B plasma discharges,19,2991021,548301391e2ac245167ead77c6f616aa2cf79175044dc3caf83d6f1f62bab585,,low,intake_unreviewed_not_KR,
Wave4/AD1230244_DevelopingMethodsofControlofSelf-OrganizedbPlasmabStructur.pdf,AD1230244,Developing Methodsof Controlof Self Organized Plasma Structur,17,630620,6d5767901062080300d981fc7f71b73a4dc4da28a5ba7c63f74d0bb1308fac38,,low,intake_unreviewed_not_KR,
Wave4/AD1302183_ReducingtheComputationalComplexityofImplicitSchemesintheModel.pdf,AD1302183,Reducing the computational complexity of implicit schemes in the modeling of kinetic inelastic collisions in a partially ionized plasma,25,3416818,62b3fa3523717d9cde8b1a5fb5ea15762d00fccd68787d1fc3e1d0baf31b2edb,10.1002/num.23121,low,intake_unreviewed_not_KR,
Wave4/Borges An improved weighted essentially non-oscillatory scheme for hyperbolic conservation laws.pdf,,An Improved Weighted Essentially Non-Oscillatory Scheme for Hyperbolic Conservation Laws,16,480399,18aac89e24e61fbc8b5a1c9f1550f680ade17b76411f6a97221f7ec6aa65fd2c,,medium,intake_unreviewed_not_KR,
Wave4/HDIAC-2191925_bWeightedbbEssentiallybbNonb-bOscillatorybbSc.pdf,HDIAC-2191925,Weighted Essentially Non-Oscillatory Schemes,32,340183,d14050ec8071e7010441f9d6eec5fb9a2803b717474696730892e513c71fd308,,low,intake_unreviewed_not_KR,
